updated_date : [datetime.datetime(2017, 11, 20, 22, 43, 13), datetime.datetime(2018, 11, 15, 9, 25, 16)]
status : [u'clientDeleteProhibited https://icann.org/epp#clientDeleteProhibited', u'clientTransferProhibited https://icann.org/epp#clientTransferProhibited', u'clientUpdateProhibited https://icann.org/epp#clientUpdateProhibited', u'serverDeleteProhibited https://icann.org/epp#serverDeleteProhibited', u'serverTransferProhibited https://icann.org/epp#serverTransferProhibited', u'serverUpdateProhibited https://icann.org/epp#serverUpdateProhibited', u'clientdeleteprohibited https://icann.org/epp#clientdeleteprohibited', u'clienttransferprohibited https://icann.org/epp#clienttransferprohibited', u'serverdeleteprohibited https://icann.org/epp#serverdeleteprohibited', u'servertransferprohibited https://icann.org/epp#servertransferprohibited', u'serverupdateprohibited https://icann.org/epp#serverupdateprohibited', u'clientupdateprohibited https://icann.org/epp#clientupdateprohibited']
name : DATA REDACTED
dnssec : signedDelegation
city : DATA REDACTED
expiration_date : 2027
11
19 05:15:42
zipcode : DATA REDACTED
domain_name : CHATURBATE.COM
country : DATA REDACTED
whois_server : whois.cloudflare.com
state : DATA REDACTED
registrar : Cloudflare, Inc.
referral_url : None
address : DATA REDACTED
name_servers : [u'NSA.CHATURBATE.COM', u'NSB.CHATURBATE.COM', u'NSC.CHATURBATE.COM', u'nsa.chaturbate.com', u'nsb.chaturbate.com', u'nsc.chaturbate.com']
org : DATA REDACTED
creation_date : 2011
02
26 03:30:59
emails : registrar
abuse@cloudflare.com
