updated_date : [datetime.datetime(2019, 5, 31, 2, 32, 59), datetime.datetime(2019, 5, 31, 2, 32, 59, 590000)]
status : clientTransferProhibited https://icann.org/epp#clientTransferProhibited
name : WhoisGuard Protected
dnssec : unsigned
city : Panama
expiration_date : 2020
06
09 05:09:42
zipcode : None
domain_name : [u'TOMOCHAIN.COM', u'tomochain.com']
country : PA
whois_server : whois.namecheap.com
state : Panama
registrar : NAMECHEAP INC
referral_url : None
address : P.O. Box 0823
03411
name_servers : [u'ELLE.NS.CLOUDFLARE.COM', u'SCOTT.NS.CLOUDFLARE.COM', u'elle.ns.cloudflare.com', u'scott.ns.cloudflare.com']
org : WhoisGuard, Inc.
creation_date : 2017
06
09 05:09:42
emails : [u'abuse@namecheap.com', u'378a95a693b844ba9d71c775b4ca8321.protect@whoisguard.com']
