Pay@Submit-Payment.com, no pwned 
Pay@Submit-Payment.com, no pwned 
Pay@Submit-Payment.com, no pwned 
Pay@Submit-Payment.com, no pwned 
Pay@Submit-Payment.com, no pwned 
Pay@Submit-Payment.com, no pwned 
Pay@Submit-Payment.com, no pwned 
Pay@Submit-Payment.com, no pwned 
Pay@Submit-Payment.com, no pwned 
Pay@Submit-Payment.com, no pwned 
Pay@Submit-Payment.com, no pwned 
Pay@Submit-Payment.com, no pwned 
Pay@Submit-Payment.com, no pwned 
Pay@Submit-Payment.com, no pwned 
Pay@Submit-Payment.com, no pwned 
Pay@Submit-Payment.com, no pwned 
Pay@Submit-Payment.com, no pwned 
Pay@Submit-Payment.com, no pwned 
Pay@Submit-Payment.com, no pwned 
Pay@Submit-Payment.com, no pwned 
Pay@Submit-Payment.com, no pwned 
Pay@Submit-Payment.com, no pwned 
Pay@Submit-Payment.com, no pwned 
Pay@Submit-Payment.com, no pwned 
Pay@Submit-Payment.com, no pwned 
Pay@Submit-Payment.com, no pwned 
Pay@Submit-Payment.com, no pwned 
Pay@Submit-Payment.com, no pwned 
Pay@Submit-Payment.com, no pwned 
Pay@Submit-Payment.com, no pwned 
Pay@Submit-Payment.com, no pwned 
Pay@Submit-Payment.com, no pwned 
Pay@Submit-Payment.com, no pwned 
Pay@Submit-Payment.com, no pwned 
Pay@Submit-Payment.com, no pwned 
Pay@Submit-Payment.com, no pwned 
Pay@Submit-Payment.com, no pwned 
Pay@Submit-Payment.com, no pwned 
Pay@Submit-Payment.com, no pwned 
Pay@Submit-Payment.com, no pwned 
Pay@Submit-Payment.com, no pwned 
Pay@Submit-Payment.com, no pwned 
Pay@Submit-Payment.com, no pwned 
Pay@Submit-Payment.com, no pwned 
Pay@Submit-Payment.com, no pwned 
Pay@Submit-Payment.com, no pwned 
Pay@Submit-Payment.com, no pwned 
Pay@Submit-Payment.com, no pwned 
Pay@Submit-Payment.com, no pwned 
Pay@Submit-Payment.com, no pwned 
Pay@Submit-Payment.com, no pwned 
Pay@Submit-Payment.com, no pwned 
Pay@Submit-Payment.com, no pwned 
Pay@Submit-Payment.com, no pwned 
Pay@Submit-Payment.com, no pwned 
Pay@Submit-Payment.com, no pwned 
Pay@Submit-Payment.com, no pwned 
Pay@Submit-Payment.com, no pwned 
Pay@Submit-Payment.com, no pwned 
Pay@Submit-Payment.com, no pwned 
Pay@Submit-Payment.com, no pwned 
Pay@Submit-Payment.com, no pwned 
Pay@Submit-Payment.com, no pwned 
Pay@Submit-Payment.com, no pwned 
Pay@Submit-Payment.com, no pwned 
Pay@Submit-Payment.com, no pwned 
Pay@Submit-Payment.com, no pwned 
Pay@Submit-Payment.com, no pwned 
Pay@Submit-Payment.com, no pwned 
Pay@Submit-Payment.com, no pwned 
Pay@Submit-Payment.com, no pwned 
Pay@Submit-Payment.com, no pwned 
Pay@Submit-Payment.com, no pwned 
Pay@Submit-Payment.com, no pwned 
Pay@Submit-Payment.com, no pwned 
Pay@Submit-Payment.com, no pwned 
Pay@Submit-Payment.com, no pwned 
Pay@Submit-Payment.com, no pwned 
Pay@Submit-Payment.com, no pwned 
Pay@Submit-Payment.com, no pwned 
Pay@Submit-Payment.com, no pwned 
Pay@Submit-Payment.com, no pwned 
Pay@Submit-Payment.com, no pwned 
Pay@Submit-Payment.com, no pwned 
Pay@Submit-Payment.com, no pwned 
Pay@Submit-Payment.com, no pwned 
Pay@Submit-Payment.com, no pwned 
Pay@Submit-Payment.com, no pwned 
Pay@Submit-Payment.com, no pwned 
Pay@Submit-Payment.com, no pwned 
Pay@Submit-Payment.com, no pwned 
Pay@Submit-Payment.com, no pwned 
Pay@Submit-Payment.com, no pwned 
Pay@Submit-Payment.com, no pwned 
Pay@Submit-Payment.com, no pwned 
Pay@Submit-Payment.com, no pwned 
Pay@Submit-Payment.com, no pwned 
Pay@Submit-Payment.com, no pwned 
Pay@Submit-Payment.com, no pwned 
Pay@Submit-Payment.com, no pwned 
Pay@Submit-Payment.com, no pwned 
Pay@Submit-Payment.com, no pwned 
Pay@Submit-Payment.com, no pwned 
Pay@Submit-Payment.com, no pwned 
Pay@Submit-Payment.com, no pwned 
Pay@Submit-Payment.com, no pwned 
Pay@Submit-Payment.com, no pwned 
Pay@Submit-Payment.com, no pwned 
Pay@Submit-Payment.com, no pwned 
Pay@Submit-Payment.com, no pwned 
Pay@Submit-Payment.com, no pwned 
Pay@Submit-Payment.com, no pwned 
Pay@Submit-Payment.com, no pwned 
Pay@Submit-Payment.com, no pwned 
Pay@Submit-Payment.com, no pwned 
Pay@Submit-Payment.com, no pwned 
Pay@Submit-Payment.com, no pwned 
Pay@Submit-Payment.com, no pwned 
Pay@Submit-Payment.com, no pwned 
Pay@Submit-Payment.com, no pwned 
Pay@Submit-Payment.com, no pwned 
Pay@Submit-Payment.com, no pwned 
Pay@Submit-Payment.com, no pwned 
Pay@Submit-Payment.com, no pwned 
Pay@Submit-Payment.com, no pwned 
Pay@Submit-Payment.com, no pwned 
Pay@Submit-Payment.com, no pwned 
Pay@Submit-Payment.com, no pwned 
Pay@Submit-Payment.com, no pwned 
Pay@Submit-Payment.com, no pwned 
Pay@Submit-Payment.com, no pwned 
Pay@Submit-Payment.com, no pwned 
Pay@Submit-Payment.com, no pwned 
Pay@Submit-Payment.com, no pwned 
Pay@Submit-Payment.com, no pwned 
Pay@Submit-Payment.com, no pwned 
Pay@Submit-Payment.com, no pwned 
Pay@Submit-Payment.com, no pwned 
Pay@Submit-Payment.com, no pwned 
Pay@Submit-Payment.com, no pwned 
Pay@Submit-Payment.com, no pwned 
Pay@Submit-Payment.com, no pwned 
Pay@Submit-Payment.com, no pwned 
Pay@Submit-Payment.com, no pwned 
Pay@Submit-Payment.com, no pwned 
Pay@Submit-Payment.com, no pwned 
Pay@Submit-Payment.com, no pwned 
Pay@Submit-Payment.com, no pwned 
Pay@Submit-Payment.com, no pwned 
Pay@Submit-Payment.com, no pwned 
Pay@Submit-Payment.com, no pwned 
Pay@Submit-Payment.com, no pwned 
Pay@Submit-Payment.com, no pwned 
Pay@Submit-Payment.com, no pwned 
Pay@Submit-Payment.com, no pwned 
Pay@Submit-Payment.com, no pwned 
Pay@Submit-Payment.com, no pwned 
Pay@Submit-Payment.com, no pwned 
Pay@Submit-Payment.com, no pwned 
Pay@Submit-Payment.com, no pwned 
Pay@Submit-Payment.com, no pwned 
Pay@Submit-Payment.com, no pwned 
Pay@Submit-Payment.com, no pwned 
Pay@Submit-Payment.com, no pwned 
Pay@Submit-Payment.com, no pwned 
Pay@Submit-Payment.com, no pwned 
Pay@Submit-Payment.com, no pwned 
Pay@Submit-Payment.com, no pwned 
Pay@Submit-Payment.com, no pwned 
Pay@Submit-Payment.com, no pwned 
Pay@Submit-Payment.com, no pwned 
Pay@Submit-Payment.com, no pwned 
Pay@Submit-Payment.com, no pwned 
Pay@Submit-Payment.com, no pwned 
Pay@Submit-Payment.com, no pwned 
Pay@Submit-Payment.com, no pwned 
Pay@Submit-Payment.com, no pwned 
Pay@Submit-Payment.com, no pwned 
Pay@Submit-Payment.com, no pwned 
Pay@Submit-Payment.com, no pwned 
Pay@Submit-Payment.com, no pwned 
Pay@Submit-Payment.com, no pwned 
Pay@Submit-Payment.com, no pwned 
Pay@Submit-Payment.com, no pwned 
Pay@Submit-Payment.com, no pwned 
Pay@Submit-Payment.com, no pwned 
Pay@Submit-Payment.com, no pwned 
Pay@Submit-Payment.com, no pwned 
Pay@Submit-Payment.com, no pwned 
Pay@Submit-Payment.com, no pwned 
Pay@Submit-Payment.com, no pwned 
Pay@Submit-Payment.com, no pwned 
Pay@Submit-Payment.com, no pwned 
Pay@Submit-Payment.com, no pwned 
Pay@Submit-Payment.com, no pwned 
Pay@Submit-Payment.com, no pwned 
Pay@Submit-Payment.com, no pwned 
Pay@Submit-Payment.com, no pwned 
Pay@Submit-Payment.com, no pwned 
Pay@Submit-Payment.com, no pwned 
Pay@Submit-Payment.com, no pwned 
Pay@Submit-Payment.com, no pwned 
Pay@Submit-Payment.com, no pwned 
Pay@Submit-Payment.com, no pwned 
Pay@Submit-Payment.com, no pwned 
Pay@Submit-Payment.com, no pwned 
Pay@Submit-Payment.com, no pwned 
Pay@Submit-Payment.com, no pwned 
Pay@Submit-Payment.com, no pwned 
Pay@Submit-Payment.com, no pwned 
Pay@Submit-Payment.com, no pwned 
Pay@Submit-Payment.com, no pwned 
Pay@Submit-Payment.com, no pwned 
Pay@Submit-Payment.com, no pwned 
Pay@Submit-Payment.com, no pwned 
Pay@Submit-Payment.com, no pwned 
Pay@Submit-Payment.com, no pwned 
Pay@Submit-Payment.com, no pwned 
Pay@Submit-Payment.com, no pwned 
Pay@Submit-Payment.com, no pwned 
Pay@Submit-Payment.com, no pwned 
Pay@Submit-Payment.com, no pwned 
Pay@Submit-Payment.com, no pwned 
Pay@Submit-Payment.com, no pwned 
Pay@Submit-Payment.com, no pwned 
Pay@Submit-Payment.com, no pwned 
Pay@Submit-Payment.com, no pwned 
Pay@Submit-Payment.com, no pwned 
Pay@Submit-Payment.com, no pwned 
Pay@Submit-Payment.com, no pwned 
Pay@Submit-Payment.com, no pwned 
Pay@Submit-Payment.com, no pwned 
Pay@Submit-Payment.com, no pwned 
Pay@Submit-Payment.com, no pwned 
Pay@Submit-Payment.com, no pwned 
Pay@Submit-Payment.com, no pwned 
Pay@Submit-Payment.com, no pwned 
Pay@Submit-Payment.com, no pwned 
Pay@Submit-Payment.com, no pwned 
Pay@Submit-Payment.com, no pwned 
Pay@Submit-Payment.com, no pwned 
Pay@Submit-Payment.com, no pwned 
Pay@Submit-Payment.com, no pwned 
Pay@Submit-Payment.com, no pwned 
Pay@Submit-Payment.com, no pwned 
Pay@Submit-Payment.com, no pwned 
Pay@Submit-Payment.com, no pwned 
Pay@Submit-Payment.com, no pwned 
Pay@Submit-Payment.com, no pwned 
Pay@Submit-Payment.com, no pwned 
Pay@Submit-Payment.com, no pwned 
Pay@Submit-Payment.com, no pwned 
Pay@Submit-Payment.com, no pwned 
Pay@Submit-Payment.com, no pwned 
Pay@Submit-Payment.com, no pwned 
Pay@Submit-Payment.com, no pwned 
Pay@Submit-Payment.com, no pwned 
Pay@Submit-Payment.com, no pwned 
Pay@Submit-Payment.com, no pwned 
Pay@Submit-Payment.com, no pwned 
Pay@Submit-Payment.com, no pwned 
Pay@Submit-Payment.com, no pwned 
Pay@Submit-Payment.com, no pwned 
Pay@Submit-Payment.com, no pwned 
Pay@Submit-Payment.com, no pwned 
Pay@Submit-Payment.com, no pwned 
Pay@Submit-Payment.com, no pwned 
Pay@Submit-Payment.com, no pwned 
Pay@Submit-Payment.com, no pwned 
Pay@Submit-Payment.com, no pwned 
Pay@Submit-Payment.com, no pwned 
Pay@Submit-Payment.com, no pwned 
Pay@Submit-Payment.com, no pwned 
Pay@Submit-Payment.com, no pwned 
Pay@Submit-Payment.com, no pwned 
Pay@Submit-Payment.com, no pwned 
Pay@Submit-Payment.com, no pwned 
Pay@Submit-Payment.com, no pwned 
Pay@Submit-Payment.com, no pwned 
Pay@Submit-Payment.com, no pwned 
Pay@Submit-Payment.com, no pwned 
Pay@Submit-Payment.com, no pwned 
Pay@Submit-Payment.com, no pwned 
Pay@Submit-Payment.com, no pwned 
Pay@Submit-Payment.com, no pwned 
Pay@Submit-Payment.com, no pwned 
Pay@Submit-Payment.com, no pwned 
Pay@Submit-Payment.com, no pwned 
Pay@Submit-Payment.com, no pwned 
Pay@Submit-Payment.com, no pwned 
Pay@Submit-Payment.com, no pwned 
Pay@Submit-Payment.com, no pwned 
Pay@Submit-Payment.com, no pwned 
Pay@Submit-Payment.com, no pwned 
Pay@Submit-Payment.com, no pwned 
Pay@Submit-Payment.com, no pwned 
Pay@Submit-Payment.com, no pwned 
Pay@Submit-Payment.com, no pwned 
Pay@Submit-Payment.com, no pwned 
Pay@Submit-Payment.com, no pwned 
Pay@Submit-Payment.com, no pwned 
Pay@Submit-Payment.com, no pwned 
Pay@Submit-Payment.com, no pwned 
Pay@Submit-Payment.com, no pwned 
Pay@Submit-Payment.com, no pwned 
Pay@Submit-Payment.com, no pwned 
Pay@Submit-Payment.com, no pwned 
Pay@Submit-Payment.com, no pwned 
Pay@Submit-Payment.com, no pwned 
Pay@Submit-Payment.com, no pwned 
Pay@Submit-Payment.com, no pwned 
Pay@Submit-Payment.com, no pwned 
Pay@Submit-Payment.com, no pwned 
Pay@Submit-Payment.com, no pwned 
Pay@Submit-Payment.com, no pwned 
Pay@Submit-Payment.com, no pwned 
Pay@Submit-Payment.com, no pwned 
Pay@Submit-Payment.com, no pwned 
Pay@Submit-Payment.com, no pwned 
Pay@Submit-Payment.com, no pwned 
Pay@Submit-Payment.com, no pwned 
Pay@Submit-Payment.com, no pwned 
Pay@Submit-Payment.com, no pwned 
Pay@Submit-Payment.com, no pwned 
Pay@Submit-Payment.com, no pwned 
Pay@Submit-Payment.com, no pwned 
Pay@Submit-Payment.com, no pwned 
Pay@Submit-Payment.com, no pwned 
Pay@Submit-Payment.com, no pwned 
Pay@Submit-Payment.com, no pwned 
Pay@Submit-Payment.com, no pwned 
Pay@Submit-Payment.com, no pwned 
Pay@Submit-Payment.com, no pwned 
Pay@Submit-Payment.com, no pwned 
Pay@Submit-Payment.com, no pwned 
Pay@Submit-Payment.com, no pwned 
Pay@Submit-Payment.com, no pwned 
Pay@Submit-Payment.com, no pwned 
Pay@Submit-Payment.com, no pwned 
Pay@Submit-Payment.com, no pwned 
Pay@Submit-Payment.com, no pwned 
Pay@Submit-Payment.com, no pwned 
Pay@Submit-Payment.com, no pwned 
Pay@Submit-Payment.com, no pwned 
Pay@Submit-Payment.com, no pwned 
Pay@Submit-Payment.com, no pwned 
Pay@Submit-Payment.com, no pwned 
Pay@Submit-Payment.com, no pwned 
Pay@Submit-Payment.com, no pwned 
Pay@Submit-Payment.com, no pwned 
Pay@Submit-Payment.com, no pwned 
Pay@Submit-Payment.com, no pwned 
Pay@Submit-Payment.com, no pwned 
Pay@Submit-Payment.com, no pwned 
Pay@Submit-Payment.com, no pwned 
Pay@Submit-Payment.com, no pwned 
Pay@Submit-Payment.com, no pwned 
Pay@Submit-Payment.com, no pwned 
Pay@Submit-Payment.com, no pwned 
Pay@Submit-Payment.com, no pwned 
Pay@Submit-Payment.com, no pwned 
Pay@Submit-Payment.com, no pwned 
Pay@Submit-Payment.com, no pwned 
Pay@Submit-Payment.com, no pwned 
Pay@Submit-Payment.com, no pwned 
Pay@Submit-Payment.com, no pwned 
Pay@Submit-Payment.com, no pwned 
Pay@Submit-Payment.com, no pwned 
Pay@Submit-Payment.com, no pwned 
Pay@Submit-Payment.com, no pwned 
Pay@Submit-Payment.com, no pwned 
Pay@Submit-Payment.com, no pwned 
Pay@Submit-Payment.com, no pwned 
Pay@Submit-Payment.com, no pwned 
Pay@Submit-Payment.com, no pwned 
Pay@Submit-Payment.com, no pwned 
Pay@Submit-Payment.com, no pwned 
Pay@Submit-Payment.com, no pwned 
Pay@Submit-Payment.com, no pwned 
Pay@Submit-Payment.com, no pwned 
Pay@Submit-Payment.com, no pwned 
Pay@Submit-Payment.com, no pwned 
Pay@Submit-Payment.com, no pwned 
Pay@Submit-Payment.com, no pwned 
Pay@Submit-Payment.com, no pwned 
Pay@Submit-Payment.com, no pwned 
Pay@Submit-Payment.com, no pwned 
Pay@Submit-Payment.com, no pwned 
Pay@Submit-Payment.com, no pwned 
Pay@Submit-Payment.com, no pwned 
Pay@Submit-Payment.com, no pwned 
Pay@Submit-Payment.com, no pwned 
Pay@Submit-Payment.com, no pwned 
Pay@Submit-Payment.com, no pwned 
Pay@Submit-Payment.com, no pwned 
Pay@Submit-Payment.com, no pwned 
Pay@Submit-Payment.com, no pwned 
Pay@Submit-Payment.com, no pwned 
Pay@Submit-Payment.com, no pwned 
Pay@Submit-Payment.com, no pwned 
Pay@Submit-Payment.com, no pwned 
Pay@Submit-Payment.com, no pwned 
Pay@Submit-Payment.com, no pwned 
Pay@Submit-Payment.com, no pwned 
Pay@Submit-Payment.com, no pwned 
Pay@Submit-Payment.com, no pwned 
Pay@Submit-Payment.com, no pwned 
Pay@Submit-Payment.com, no pwned 
Pay@Submit-Payment.com, no pwned 
Pay@Submit-Payment.com, no pwned 
Pay@Submit-Payment.com, no pwned 
Pay@Submit-Payment.com, no pwned 
Pay@Submit-Payment.com, no pwned 
Pay@Submit-Payment.com, no pwned 
Pay@Submit-Payment.com, no pwned 
Pay@Submit-Payment.com, no pwned 
Pay@Submit-Payment.com, no pwned 
Pay@Submit-Payment.com, no pwned 
Pay@Submit-Payment.com, no pwned 
Pay@Submit-Payment.com, no pwned 
Pay@Submit-Payment.com, no pwned 
Pay@Submit-Payment.com, no pwned 
Pay@Submit-Payment.com, no pwned 
Pay@Submit-Payment.com, no pwned 
Pay@Submit-Payment.com, no pwned 
Pay@Submit-Payment.com, no pwned 
Pay@Submit-Payment.com, no pwned 
Pay@Submit-Payment.com, no pwned 
Pay@Submit-Payment.com, no pwned 
Pay@Submit-Payment.com, no pwned 
Pay@Submit-Payment.com, no pwned 
Pay@Submit-Payment.com, no pwned 
Pay@Submit-Payment.com, no pwned 
Pay@Submit-Payment.com, no pwned 
Pay@Submit-Payment.com, no pwned 
Pay@Submit-Payment.com, no pwned 
Pay@Submit-Payment.com, no pwned 
Pay@Submit-Payment.com, no pwned 
Pay@Submit-Payment.com, no pwned 
Pay@Submit-Payment.com, no pwned 
Pay@Submit-Payment.com, no pwned 
Pay@Submit-Payment.com, no pwned 
Pay@Submit-Payment.com, no pwned 
Pay@Submit-Payment.com, no pwned 
Pay@Submit-Payment.com, no pwned 
Pay@Submit-Payment.com, no pwned 
Pay@Submit-Payment.com, no pwned 
Pay@Submit-Payment.com, no pwned 
Pay@Submit-Payment.com, no pwned 
Pay@Submit-Payment.com, no pwned 
Pay@Submit-Payment.com, no pwned 
Pay@Submit-Payment.com, no pwned 
Pay@Submit-Payment.com, no pwned 
Pay@Submit-Payment.com, no pwned 
Pay@Submit-Payment.com, no pwned 
Pay@Submit-Payment.com, no pwned 
Pay@Submit-Payment.com, no pwned 
Pay@Submit-Payment.com, no pwned 
Pay@Submit-Payment.com, no pwned 
Pay@Submit-Payment.com, no pwned 
Pay@Submit-Payment.com, no pwned 
Pay@Submit-Payment.com, no pwned 
Pay@Submit-Payment.com, no pwned 
Pay@Submit-Payment.com, no pwned 
Pay@Submit-Payment.com, no pwned 
Pay@Submit-Payment.com, no pwned 
Pay@Submit-Payment.com, no pwned 
Pay@Submit-Payment.com, no pwned 
Pay@Submit-Payment.com, no pwned 
Pay@Submit-Payment.com, no pwned 
Pay@Submit-Payment.com, no pwned 
Pay@Submit-Payment.com, no pwned 
Pay@Submit-Payment.com, no pwned 
Pay@Submit-Payment.com, no pwned 
Pay@Submit-Payment.com, no pwned 
Pay@Submit-Payment.com, no pwned 
Pay@Submit-Payment.com, no pwned 
Pay@Submit-Payment.com, no pwned 
Pay@Submit-Payment.com, no pwned 
Pay@Submit-Payment.com, no pwned 
Pay@Submit-Payment.com, no pwned 
Pay@Submit-Payment.com, no pwned 
Pay@Submit-Payment.com, no pwned 
Pay@Submit-Payment.com, no pwned 
Pay@Submit-Payment.com, no pwned 
Pay@Submit-Payment.com, no pwned 
Pay@Submit-Payment.com, no pwned 
Pay@Submit-Payment.com, no pwned 
Pay@Submit-Payment.com, no pwned 
Pay@Submit-Payment.com, no pwned 
Pay@Submit-Payment.com, no pwned 
Pay@Submit-Payment.com, no pwned 
Pay@Submit-Payment.com, no pwned 
Pay@Submit-Payment.com, no pwned 
Pay@Submit-Payment.com, no pwned 
Pay@Submit-Payment.com, no pwned 
Pay@Submit-Payment.com, no pwned 
Pay@Submit-Payment.com, no pwned 
Pay@Submit-Payment.com, no pwned 
Pay@Submit-Payment.com, no pwned 
Pay@Submit-Payment.com, no pwned 
Pay@Submit-Payment.com, no pwned 
Pay@Submit-Payment.com, no pwned 
Pay@Submit-Payment.com, no pwned 
Pay@Submit-Payment.com, no pwned 
Pay@Submit-Payment.com, no pwned 
Pay@Submit-Payment.com, no pwned 
Pay@Submit-Payment.com, no pwned 
Pay@Submit-Payment.com, no pwned 
Pay@Submit-Payment.com, no pwned 
Pay@Submit-Payment.com, no pwned 
Pay@Submit-Payment.com, no pwned 
Pay@Submit-Payment.com, no pwned 
Pay@Submit-Payment.com, no pwned 
Pay@Submit-Payment.com, no pwned 
Pay@Submit-Payment.com, no pwned 
Pay@Submit-Payment.com, no pwned 
Pay@Submit-Payment.com, no pwned 
Pay@Submit-Payment.com, no pwned 
Pay@Submit-Payment.com, no pwned 
Pay@Submit-Payment.com, no pwned 
Pay@Submit-Payment.com, no pwned 
Pay@Submit-Payment.com, no pwned 
Pay@Submit-Payment.com, no pwned 
Pay@Submit-Payment.com, no pwned 
Pay@Submit-Payment.com, no pwned 
Pay@Submit-Payment.com, no pwned 
Pay@Submit-Payment.com, no pwned 
Pay@Submit-Payment.com, no pwned 
Pay@Submit-Payment.com, no pwned 
Pay@Submit-Payment.com, no pwned 
Pay@Submit-Payment.com, no pwned 
Pay@Submit-Payment.com, no pwned 
Pay@Submit-Payment.com, no pwned 
Pay@Submit-Payment.com, no pwned 
Pay@Submit-Payment.com, no pwned 
Pay@Submit-Payment.com, no pwned 
Pay@Submit-Payment.com, no pwned 
Pay@Submit-Payment.com, no pwned 
Pay@Submit-Payment.com, no pwned 
Pay@Submit-Payment.com, no pwned 
Pay@Submit-Payment.com, no pwned 
Pay@Submit-Payment.com, no pwned 
Pay@Submit-Payment.com, no pwned 
Pay@Submit-Payment.com, no pwned 
Pay@Submit-Payment.com, no pwned 
Pay@Submit-Payment.com, no pwned 
Pay@Submit-Payment.com, no pwned 
Pay@Submit-Payment.com, no pwned 
Pay@Submit-Payment.com, no pwned 
Pay@Submit-Payment.com, no pwned 
Pay@Submit-Payment.com, no pwned 
Pay@Submit-Payment.com, no pwned 
Pay@Submit-Payment.com, no pwned 
Pay@Submit-Payment.com, no pwned 
Pay@Submit-Payment.com, no pwned 
Pay@Submit-Payment.com, no pwned 
Pay@Submit-Payment.com, no pwned 
Pay@Submit-Payment.com, no pwned 
Pay@Submit-Payment.com, no pwned 
Pay@Submit-Payment.com, no pwned 
Pay@Submit-Payment.com, no pwned 
Pay@Submit-Payment.com, no pwned 
Pay@Submit-Payment.com, no pwned 
Pay@Submit-Payment.com, no pwned 
Pay@Submit-Payment.com, no pwned 
Pay@Submit-Payment.com, no pwned 
Pay@Submit-Payment.com, no pwned 
Pay@Submit-Payment.com, no pwned 
Pay@Submit-Payment.com, no pwned 
Pay@Submit-Payment.com, no pwned 
Pay@Submit-Payment.com, no pwned 
Pay@Submit-Payment.com, no pwned 
Pay@Submit-Payment.com, no pwned 
Pay@Submit-Payment.com, no pwned 
Pay@Submit-Payment.com, no pwned 
Pay@Submit-Payment.com, no pwned 
Pay@Submit-Payment.com, no pwned 
Pay@Submit-Payment.com, no pwned 
Pay@Submit-Payment.com, no pwned 
Pay@Submit-Payment.com, no pwned 
Pay@Submit-Payment.com, no pwned 
Pay@Submit-Payment.com, no pwned 
Pay@Submit-Payment.com, no pwned 
Pay@Submit-Payment.com, no pwned 
Pay@Submit-Payment.com, no pwned 
Pay@Submit-Payment.com, no pwned 
Pay@Submit-Payment.com, no pwned 
Pay@Submit-Payment.com, no pwned 
Pay@Submit-Payment.com, no pwned 
Pay@Submit-Payment.com, no pwned 
Pay@Submit-Payment.com, no pwned 
Pay@Submit-Payment.com, no pwned 
Pay@Submit-Payment.com, no pwned 
Pay@Submit-Payment.com, no pwned 
Pay@Submit-Payment.com, no pwned 
Pay@Submit-Payment.com, no pwned 
Pay@Submit-Payment.com, no pwned 
Pay@Submit-Payment.com, no pwned 
Pay@Submit-Payment.com, no pwned 
Pay@Submit-Payment.com, no pwned 
Pay@Submit-Payment.com, no pwned 
Pay@Submit-Payment.com, no pwned 
Pay@Submit-Payment.com, no pwned 
Pay@Submit-Payment.com, no pwned 
Pay@Submit-Payment.com, no pwned 
Pay@Submit-Payment.com, no pwned 
Pay@Submit-Payment.com, no pwned 
Pay@Submit-Payment.com, no pwned 
Pay@Submit-Payment.com, no pwned 
Pay@Submit-Payment.com, no pwned 
Pay@Submit-Payment.com, no pwned 
Pay@Submit-Payment.com, no pwned 
Pay@Submit-Payment.com, no pwned 
Pay@Submit-Payment.com, no pwned 
Pay@Submit-Payment.com, no pwned 
Pay@Submit-Payment.com, no pwned 
Pay@Submit-Payment.com, no pwned 
Pay@Submit-Payment.com, no pwned 
Pay@Submit-Payment.com, no pwned 
Pay@Submit-Payment.com, no pwned 
Pay@Submit-Payment.com, no pwned 
Pay@Submit-Payment.com, no pwned 
Pay@Submit-Payment.com, no pwned 
Pay@Submit-Payment.com, no pwned 
Pay@Submit-Payment.com, no pwned 
Pay@Submit-Payment.com, no pwned 
Pay@Submit-Payment.com, no pwned 
Pay@Submit-Payment.com, no pwned 
Pay@Submit-Payment.com, no pwned 
Pay@Submit-Payment.com, no pwned 
Pay@Submit-Payment.com, no pwned 
Pay@Submit-Payment.com, no pwned 
Pay@Submit-Payment.com, no pwned 
Pay@Submit-Payment.com, no pwned 
Pay@Submit-Payment.com, no pwned 
Pay@Submit-Payment.com, no pwned 
Pay@Submit-Payment.com, no pwned 
Pay@Submit-Payment.com, no pwned 
Pay@Submit-Payment.com, no pwned 
Pay@Submit-Payment.com, no pwned 
Pay@Submit-Payment.com, no pwned 
Pay@Submit-Payment.com, no pwned 
Pay@Submit-Payment.com, no pwned 
Pay@Submit-Payment.com, no pwned 
Pay@Submit-Payment.com, no pwned 
Pay@Submit-Payment.com, no pwned 
Pay@Submit-Payment.com, no pwned 
Pay@Submit-Payment.com, no pwned 
Pay@Submit-Payment.com, no pwned 
Pay@Submit-Payment.com, no pwned 
Pay@Submit-Payment.com, no pwned 
Pay@Submit-Payment.com, no pwned 
Pay@Submit-Payment.com, no pwned 
Pay@Submit-Payment.com, no pwned 
Pay@Submit-Payment.com, no pwned 
Pay@Submit-Payment.com, no pwned 
Pay@Submit-Payment.com, no pwned 
Pay@Submit-Payment.com, no pwned 
Pay@Submit-Payment.com, no pwned 
Pay@Submit-Payment.com, no pwned 
Pay@Submit-Payment.com, no pwned 
Pay@Submit-Payment.com, no pwned 
Pay@Submit-Payment.com, no pwned 
Pay@Submit-Payment.com, no pwned 
Pay@Submit-Payment.com, no pwned 
Pay@Submit-Payment.com, no pwned 
Pay@Submit-Payment.com, no pwned 
Pay@Submit-Payment.com, no pwned 
Pay@Submit-Payment.com, no pwned 
Pay@Submit-Payment.com, no pwned 
Pay@Submit-Payment.com, no pwned 
Pay@Submit-Payment.com, no pwned 
Pay@Submit-Payment.com, no pwned 
