updated_date : [datetime.datetime(2016, 7, 21, 20, 18, 15), datetime.datetime(2016, 7, 21, 18, 18, 15)]
status : [u'clientDeleteProhibited https://icann.org/epp#clientDeleteProhibited', u'clientRenewProhibited https://icann.org/epp#clientRenewProhibited', u'clientTransferProhibited https://icann.org/epp#clientTransferProhibited', u'clientUpdateProhibited https://icann.org/epp#clientUpdateProhibited', u'clientTransferProhibited http://www.icann.org/epp#clientTransferProhibited', u'clientUpdateProhibited http://www.icann.org/epp#clientUpdateProhibited', u'clientRenewProhibited http://www.icann.org/epp#clientRenewProhibited', u'clientDeleteProhibited http://www.icann.org/epp#clientDeleteProhibited']
name : None
dnssec : unsigned
city : None
expiration_date : 2024
07
22 11:59:59
zipcode : None
domain_name : WEPAY.COM
country : US
whois_server : whois.godaddy.com
state : California
registrar : GoDaddy.com, LLC
referral_url : None
address : None
name_servers : [u'NS
1301.AWSDNS
34.ORG', u'NS
1605.AWSDNS
08.CO.UK', u'NS
166.AWSDNS
20.COM', u'NS
982.AWSDNS
58.NET']
org : Wepay
creation_date : 1998
12
06 05:00:00
emails : abuse@godaddy.com
