{'x-xss-protection': '1; mode=block'
 'x-content-type-options': 'nosniff'
 'Content-Encoding': 'gzip'
 'Transfer-Encoding': 'chunked'
 'set-cookie': 'XSRF-TOKEN=92b8e545-4816-4d2f-9d94-34c14711c9ea; Path=/; Secure; HttpOnly
 uu=rMZHt37p9eVMDu1CmfgHtoUcZWmGhNJY0wrHVCIgUnGQlWsXdWY9zJcEE1XcoS4x; Max-Age=31536000; Expires=Sat
 14-Nov-2020 09:12:35 GMT; Path=/; Secure; HttpOnly
 display_lang=en; Path=/; Secure; HttpOnly
 ss=vh5s1zkjT9ZvlyTChczuTQBfsRii0XofxA20dxu7pkVkaS3L3gWflo4gYNiCmFPO12abAn5i7uWwvubZP6agYObhZHCWPljiYylc:c7d6f:16e6e55ec8e; Max-Age=2592000; Expires=Sun
 15-Dec-2019 09:12:36 GMT; Path=/; Secure; HttpOnly
 fs=%7B%221%22%3A%7B%22impressed%22%3Afalse%7D%2C%222%22%3A%7B%22impressed%22%3Afalse%7D%2C%223%22%3A%7B%22impressed%22%3Afalse%7D%2C%224%22%3A%7B%22impressed%22%3Afalse%7D%7D; Max-Age=31536000; Expires=Sat
 14-Nov-2020 09:12:36 GMT; Path=/; Secure'
 'expires': '0'
 'Vary': 'Accept-Encoding'
 'strict-transport-security': 'max-age=31536000 ; includeSubDomains
 max-age=31536000; includeSubdomains;'
 'Server': 'nginx'
 'Connection': 'keep-alive'
 'link': '<https://static.line-scdn.net/line_store/16e583bc490/pc/js/lc.line.store.pc.main.js>;as=script;rel=preload;crossorigin=anonymous
 <https://static.line-scdn.net/line_store/16e583bc490/pc/css/line_store_pc.css>;as=style;rel=preload;crossorigin=anonymous'
 'pragma': 'no-cache'
 'cache-control': 'no-cache
 no-store
 max-age=0
 must-revalidate'
 'Date': 'Fri
 15 Nov 2019 09:12:36 GMT'
 'X-Frame-Options': 'SAMEORIGIN'
 'Content-Type': 'text/html;charset=UTF-8'}