icons@2x.b547f3af61528b53c180.png, no pwned 
google-logo@2x.35bee5b7cd8eaf590d09.png, no pwned 
badoo-logo@2x.1ede1ea1f2b41233c4e7.png, no pwned 
icons@2x.b547f3af61528b53c180.png, no pwned 
google-logo@2x.35bee5b7cd8eaf590d09.png, no pwned 
badoo-logo@2x.1ede1ea1f2b41233c4e7.png, no pwned 
icons@2x.b547f3af61528b53c180.png, no pwned 
google-logo@2x.35bee5b7cd8eaf590d09.png, no pwned 
badoo-logo@2x.1ede1ea1f2b41233c4e7.png, no pwned 
icons@2x.b547f3af61528b53c180.png, no pwned 
google-logo@2x.35bee5b7cd8eaf590d09.png, no pwned 
badoo-logo@2x.1ede1ea1f2b41233c4e7.png, no pwned 
icons@2x.b547f3af61528b53c180.png, no pwned 
google-logo@2x.35bee5b7cd8eaf590d09.png, no pwned 
badoo-logo@2x.1ede1ea1f2b41233c4e7.png, no pwned 
icons@2x.b547f3af61528b53c180.png, no pwned 
google-logo@2x.35bee5b7cd8eaf590d09.png, no pwned 
badoo-logo@2x.1ede1ea1f2b41233c4e7.png, no pwned 
icons@2x.b547f3af61528b53c180.png, no pwned 
google-logo@2x.35bee5b7cd8eaf590d09.png, no pwned 
badoo-logo@2x.1ede1ea1f2b41233c4e7.png, no pwned 
icons@2x.b547f3af61528b53c180.png, no pwned 
google-logo@2x.35bee5b7cd8eaf590d09.png, no pwned 
badoo-logo@2x.1ede1ea1f2b41233c4e7.png, no pwned 
icons@2x.b547f3af61528b53c180.png, no pwned 
google-logo@2x.35bee5b7cd8eaf590d09.png, no pwned 
badoo-logo@2x.1ede1ea1f2b41233c4e7.png, no pwned 
icons@2x.b547f3af61528b53c180.png, no pwned 
google-logo@2x.35bee5b7cd8eaf590d09.png, no pwned 
badoo-logo@2x.1ede1ea1f2b41233c4e7.png, no pwned 
icons@2x.b547f3af61528b53c180.png, no pwned 
google-logo@2x.35bee5b7cd8eaf590d09.png, no pwned 
badoo-logo@2x.1ede1ea1f2b41233c4e7.png, no pwned 
icons@2x.b547f3af61528b53c180.png, no pwned 
google-logo@2x.35bee5b7cd8eaf590d09.png, no pwned 
badoo-logo@2x.1ede1ea1f2b41233c4e7.png, no pwned 
icons@2x.b547f3af61528b53c180.png, no pwned 
google-logo@2x.35bee5b7cd8eaf590d09.png, no pwned 
badoo-logo@2x.1ede1ea1f2b41233c4e7.png, no pwned 
icons@2x.b547f3af61528b53c180.png, no pwned 
google-logo@2x.35bee5b7cd8eaf590d09.png, no pwned 
badoo-logo@2x.1ede1ea1f2b41233c4e7.png, no pwned 
icons@2x.b547f3af61528b53c180.png, no pwned 
google-logo@2x.35bee5b7cd8eaf590d09.png, no pwned 
badoo-logo@2x.1ede1ea1f2b41233c4e7.png, no pwned 
icons@2x.b547f3af61528b53c180.png, no pwned 
google-logo@2x.35bee5b7cd8eaf590d09.png, no pwned 
badoo-logo@2x.1ede1ea1f2b41233c4e7.png, no pwned 
icons@2x.b547f3af61528b53c180.png, no pwned 
google-logo@2x.35bee5b7cd8eaf590d09.png, no pwned 
badoo-logo@2x.1ede1ea1f2b41233c4e7.png, no pwned 
icons@2x.b547f3af61528b53c180.png, no pwned 
google-logo@2x.35bee5b7cd8eaf590d09.png, no pwned 
badoo-logo@2x.1ede1ea1f2b41233c4e7.png, no pwned 
icons@2x.b547f3af61528b53c180.png, no pwned 
google-logo@2x.35bee5b7cd8eaf590d09.png, no pwned 
badoo-logo@2x.1ede1ea1f2b41233c4e7.png, no pwned 
icons@2x.b547f3af61528b53c180.png, no pwned 
google-logo@2x.35bee5b7cd8eaf590d09.png, no pwned 
badoo-logo@2x.1ede1ea1f2b41233c4e7.png, no pwned 
icons@2x.b547f3af61528b53c180.png, no pwned 
google-logo@2x.35bee5b7cd8eaf590d09.png, no pwned 
badoo-logo@2x.1ede1ea1f2b41233c4e7.png, no pwned 
icons@2x.b547f3af61528b53c180.png, no pwned 
google-logo@2x.35bee5b7cd8eaf590d09.png, no pwned 
badoo-logo@2x.1ede1ea1f2b41233c4e7.png, no pwned 
icons@2x.b547f3af61528b53c180.png, no pwned 
google-logo@2x.35bee5b7cd8eaf590d09.png, no pwned 
badoo-logo@2x.1ede1ea1f2b41233c4e7.png, no pwned 
icons@2x.b547f3af61528b53c180.png, no pwned 
google-logo@2x.35bee5b7cd8eaf590d09.png, no pwned 
badoo-logo@2x.1ede1ea1f2b41233c4e7.png, no pwned 
icons@2x.b547f3af61528b53c180.png, no pwned 
google-logo@2x.35bee5b7cd8eaf590d09.png, no pwned 
badoo-logo@2x.1ede1ea1f2b41233c4e7.png, no pwned 
icons@2x.b547f3af61528b53c180.png, no pwned 
google-logo@2x.35bee5b7cd8eaf590d09.png, no pwned 
badoo-logo@2x.1ede1ea1f2b41233c4e7.png, no pwned 
icons@2x.b547f3af61528b53c180.png, no pwned 
google-logo@2x.35bee5b7cd8eaf590d09.png, no pwned 
badoo-logo@2x.1ede1ea1f2b41233c4e7.png, no pwned 
icons@2x.b547f3af61528b53c180.png, no pwned 
google-logo@2x.35bee5b7cd8eaf590d09.png, no pwned 
badoo-logo@2x.1ede1ea1f2b41233c4e7.png, no pwned 
icons@2x.b547f3af61528b53c180.png, no pwned 
google-logo@2x.35bee5b7cd8eaf590d09.png, no pwned 
badoo-logo@2x.1ede1ea1f2b41233c4e7.png, no pwned 
icons@2x.b547f3af61528b53c180.png, no pwned 
google-logo@2x.35bee5b7cd8eaf590d09.png, no pwned 
badoo-logo@2x.1ede1ea1f2b41233c4e7.png, no pwned 
icons@2x.b547f3af61528b53c180.png, no pwned 
google-logo@2x.35bee5b7cd8eaf590d09.png, no pwned 
badoo-logo@2x.1ede1ea1f2b41233c4e7.png, no pwned 
icons@2x.b547f3af61528b53c180.png, no pwned 
google-logo@2x.35bee5b7cd8eaf590d09.png, no pwned 
badoo-logo@2x.1ede1ea1f2b41233c4e7.png, no pwned 
icons@2x.b547f3af61528b53c180.png, no pwned 
google-logo@2x.35bee5b7cd8eaf590d09.png, no pwned 
badoo-logo@2x.1ede1ea1f2b41233c4e7.png, no pwned 
icons@2x.b547f3af61528b53c180.png, no pwned 
google-logo@2x.35bee5b7cd8eaf590d09.png, no pwned 
badoo-logo@2x.1ede1ea1f2b41233c4e7.png, no pwned 
icons@2x.b547f3af61528b53c180.png, no pwned 
google-logo@2x.35bee5b7cd8eaf590d09.png, no pwned 
badoo-logo@2x.1ede1ea1f2b41233c4e7.png, no pwned 
icons@2x.b547f3af61528b53c180.png, no pwned 
google-logo@2x.35bee5b7cd8eaf590d09.png, no pwned 
badoo-logo@2x.1ede1ea1f2b41233c4e7.png, no pwned 
icons@2x.b547f3af61528b53c180.png, no pwned 
google-logo@2x.35bee5b7cd8eaf590d09.png, no pwned 
badoo-logo@2x.1ede1ea1f2b41233c4e7.png, no pwned 
icons@2x.b547f3af61528b53c180.png, no pwned 
google-logo@2x.35bee5b7cd8eaf590d09.png, no pwned 
badoo-logo@2x.1ede1ea1f2b41233c4e7.png, no pwned 
icons@2x.b547f3af61528b53c180.png, no pwned 
google-logo@2x.35bee5b7cd8eaf590d09.png, no pwned 
badoo-logo@2x.1ede1ea1f2b41233c4e7.png, no pwned 
icons@2x.b547f3af61528b53c180.png, no pwned 
google-logo@2x.35bee5b7cd8eaf590d09.png, no pwned 
badoo-logo@2x.1ede1ea1f2b41233c4e7.png, no pwned 
icons@2x.b547f3af61528b53c180.png, no pwned 
google-logo@2x.35bee5b7cd8eaf590d09.png, no pwned 
badoo-logo@2x.1ede1ea1f2b41233c4e7.png, no pwned 
icons@2x.b547f3af61528b53c180.png, no pwned 
google-logo@2x.35bee5b7cd8eaf590d09.png, no pwned 
badoo-logo@2x.1ede1ea1f2b41233c4e7.png, no pwned 
icons@2x.b547f3af61528b53c180.png, no pwned 
google-logo@2x.35bee5b7cd8eaf590d09.png, no pwned 
badoo-logo@2x.1ede1ea1f2b41233c4e7.png, no pwned 
icons@2x.b547f3af61528b53c180.png, no pwned 
google-logo@2x.35bee5b7cd8eaf590d09.png, no pwned 
badoo-logo@2x.1ede1ea1f2b41233c4e7.png, no pwned 
icons@2x.b547f3af61528b53c180.png, no pwned 
google-logo@2x.35bee5b7cd8eaf590d09.png, no pwned 
badoo-logo@2x.1ede1ea1f2b41233c4e7.png, no pwned 
icons@2x.b547f3af61528b53c180.png, no pwned 
google-logo@2x.35bee5b7cd8eaf590d09.png, no pwned 
badoo-logo@2x.1ede1ea1f2b41233c4e7.png, no pwned 
icons@2x.b547f3af61528b53c180.png, no pwned 
google-logo@2x.35bee5b7cd8eaf590d09.png, no pwned 
badoo-logo@2x.1ede1ea1f2b41233c4e7.png, no pwned 
icons@2x.b547f3af61528b53c180.png, no pwned 
google-logo@2x.35bee5b7cd8eaf590d09.png, no pwned 
badoo-logo@2x.1ede1ea1f2b41233c4e7.png, no pwned 
icons@2x.b547f3af61528b53c180.png, no pwned 
google-logo@2x.35bee5b7cd8eaf590d09.png, no pwned 
badoo-logo@2x.1ede1ea1f2b41233c4e7.png, no pwned 
icons@2x.b547f3af61528b53c180.png, no pwned 
google-logo@2x.35bee5b7cd8eaf590d09.png, no pwned 
badoo-logo@2x.1ede1ea1f2b41233c4e7.png, no pwned 
icons@2x.b547f3af61528b53c180.png, no pwned 
google-logo@2x.35bee5b7cd8eaf590d09.png, no pwned 
badoo-logo@2x.1ede1ea1f2b41233c4e7.png, no pwned 
icons@2x.b547f3af61528b53c180.png, no pwned 
google-logo@2x.35bee5b7cd8eaf590d09.png, no pwned 
badoo-logo@2x.1ede1ea1f2b41233c4e7.png, no pwned 
icons@2x.b547f3af61528b53c180.png, no pwned 
google-logo@2x.35bee5b7cd8eaf590d09.png, no pwned 
badoo-logo@2x.1ede1ea1f2b41233c4e7.png, no pwned 
icons@2x.b547f3af61528b53c180.png, no pwned 
google-logo@2x.35bee5b7cd8eaf590d09.png, no pwned 
badoo-logo@2x.1ede1ea1f2b41233c4e7.png, no pwned 
icons@2x.b547f3af61528b53c180.png, no pwned 
google-logo@2x.35bee5b7cd8eaf590d09.png, no pwned 
badoo-logo@2x.1ede1ea1f2b41233c4e7.png, no pwned 
icons@2x.b547f3af61528b53c180.png, no pwned 
google-logo@2x.35bee5b7cd8eaf590d09.png, no pwned 
badoo-logo@2x.1ede1ea1f2b41233c4e7.png, no pwned 
icons@2x.b547f3af61528b53c180.png, no pwned 
google-logo@2x.35bee5b7cd8eaf590d09.png, no pwned 
badoo-logo@2x.1ede1ea1f2b41233c4e7.png, no pwned 
icons@2x.b547f3af61528b53c180.png, no pwned 
google-logo@2x.35bee5b7cd8eaf590d09.png, no pwned 
badoo-logo@2x.1ede1ea1f2b41233c4e7.png, no pwned 
icons@2x.b547f3af61528b53c180.png, no pwned 
google-logo@2x.35bee5b7cd8eaf590d09.png, no pwned 
badoo-logo@2x.1ede1ea1f2b41233c4e7.png, no pwned 
icons@2x.b547f3af61528b53c180.png, no pwned 
google-logo@2x.35bee5b7cd8eaf590d09.png, no pwned 
badoo-logo@2x.1ede1ea1f2b41233c4e7.png, no pwned 
icons@2x.b547f3af61528b53c180.png, no pwned 
google-logo@2x.35bee5b7cd8eaf590d09.png, no pwned 
badoo-logo@2x.1ede1ea1f2b41233c4e7.png, no pwned 
icons@2x.b547f3af61528b53c180.png, no pwned 
google-logo@2x.35bee5b7cd8eaf590d09.png, no pwned 
badoo-logo@2x.1ede1ea1f2b41233c4e7.png, no pwned 
icons@2x.b547f3af61528b53c180.png, no pwned 
google-logo@2x.35bee5b7cd8eaf590d09.png, no pwned 
badoo-logo@2x.1ede1ea1f2b41233c4e7.png, no pwned 
icons@2x.b547f3af61528b53c180.png, no pwned 
google-logo@2x.35bee5b7cd8eaf590d09.png, no pwned 
badoo-logo@2x.1ede1ea1f2b41233c4e7.png, no pwned 
icons@2x.b547f3af61528b53c180.png, no pwned 
google-logo@2x.35bee5b7cd8eaf590d09.png, no pwned 
badoo-logo@2x.1ede1ea1f2b41233c4e7.png, no pwned 
icons@2x.b547f3af61528b53c180.png, no pwned 
google-logo@2x.35bee5b7cd8eaf590d09.png, no pwned 
badoo-logo@2x.1ede1ea1f2b41233c4e7.png, no pwned 
icons@2x.b547f3af61528b53c180.png, no pwned 
google-logo@2x.35bee5b7cd8eaf590d09.png, no pwned 
badoo-logo@2x.1ede1ea1f2b41233c4e7.png, no pwned 
icons@2x.b547f3af61528b53c180.png, no pwned 
google-logo@2x.35bee5b7cd8eaf590d09.png, no pwned 
badoo-logo@2x.1ede1ea1f2b41233c4e7.png, no pwned 
icons@2x.b547f3af61528b53c180.png, no pwned 
google-logo@2x.35bee5b7cd8eaf590d09.png, no pwned 
badoo-logo@2x.1ede1ea1f2b41233c4e7.png, no pwned 
icons@2x.b547f3af61528b53c180.png, no pwned 
google-logo@2x.35bee5b7cd8eaf590d09.png, no pwned 
badoo-logo@2x.1ede1ea1f2b41233c4e7.png, no pwned 
icons@2x.b547f3af61528b53c180.png, no pwned 
google-logo@2x.35bee5b7cd8eaf590d09.png, no pwned 
badoo-logo@2x.1ede1ea1f2b41233c4e7.png, no pwned 
