updated_date : [datetime.datetime(2019, 4, 24, 9, 20, 5), datetime.datetime(2019, 4, 24, 2, 20, 5)]
status : [u'clientDeleteProhibited https://icann.org/epp#clientDeleteProhibited', u'clientTransferProhibited https://icann.org/epp#clientTransferProhibited', u'clientUpdateProhibited https://icann.org/epp#clientUpdateProhibited', u'clientUpdateProhibited (https://www.icann.org/epp#clientUpdateProhibited)', u'clientTransferProhibited (https://www.icann.org/epp#clientTransferProhibited)', u'clientDeleteProhibited (https://www.icann.org/epp#clientDeleteProhibited)']
name : None
dnssec : unsigned
city : None
expiration_date : [datetime.datetime(2021, 5, 26, 4, 0, 51), datetime.datetime(2021, 5, 25, 0, 0)]
zipcode : None
domain_name : [u'BADOO.COM', u'badoo.com']
country : CY
whois_server : whois.markmonitor.com
state : None
registrar : MarkMonitor, Inc.
referral_url : None
address : None
name_servers : [u'NS1.BADOO.COM', u'NS2.BADOO.COM', u'NS3.BADOO.COM', u'NS4.BADOO.COM', u'NS5.BADOO.COM', u'NS6.BADOO.COM', u'ns3.badoo.com', u'ns1.badoo.com', u'ns6.badoo.com', u'ns2.badoo.com', u'ns5.badoo.com', u'ns4.badoo.com']
org : Badoo Media Limited
creation_date : [datetime.datetime(2003, 5, 26, 4, 0, 51), datetime.datetime(2003, 5, 25, 21, 0, 51)]
emails : [u'abusecomplaints@markmonitor.com', u'whoisrequest@markmonitor.com']
