recruiting@greenhouse.io, no pwned 
PorterBraswell@2x-min.png, no pwned 
Hero-Full-Layout-Copy-2@2x-min.png, no pwned 
Customers-Hero@2x.png, no pwned 
twitter-logo-silhouette@2x.png, no pwned 
slick-carousel@1.8.1, no pwned 
example@yourdomain.com, no pwned 
recruiting@greenhouse.io, no pwned 
PorterBraswell@2x-min.png, no pwned 
Hero-Full-Layout-Copy-2@2x-min.png, no pwned 
Customers-Hero@2x.png, no pwned 
twitter-logo-silhouette@2x.png, no pwned 
slick-carousel@1.8.1, no pwned 
example@yourdomain.com, no pwned 
recruiting@greenhouse.io, no pwned 
PorterBraswell@2x-min.png, no pwned 
Hero-Full-Layout-Copy-2@2x-min.png, no pwned 
Customers-Hero@2x.png, no pwned 
twitter-logo-silhouette@2x.png, no pwned 
slick-carousel@1.8.1, no pwned 
example@yourdomain.com, no pwned 
