api@wepay.com, no pwned 
api@wepay.com, no pwned 
api@wepay.com, no pwned 
api@wepay.com, no pwned 
api@wepay.com, no pwned 
group-6-copy@3x.png, no pwned 
group-7-copy@3x.png, no pwned 
group-9-copy@3x.png, no pwned 
group-11-copy@3x.png, no pwned 
group-5-copy@3x.png, no pwned 
group-8-copy@3x.png, no pwned 
group-10-copy@3x.png, no pwned 
group-12-copy@3x.png, no pwned 
api@wepay.com, no pwned 
api@wepay.com, no pwned 
api@wepay.com, no pwned 
api@wepay.com, no pwned 
group-6-copy@3x.png, no pwned 
group-7-copy@3x.png, no pwned 
group-9-copy@3x.png, no pwned 
group-11-copy@3x.png, no pwned 
group-5-copy@3x.png, no pwned 
group-8-copy@3x.png, no pwned 
group-10-copy@3x.png, no pwned 
group-12-copy@3x.png, no pwned 
api@wepay.com, no pwned 
api@wepay.com, no pwned 
press@wepay.com, no pwned 
api@wepay.com, no pwned 
jpmc.cpo@jpmchase.com, no pwned 
EMEA.Privacy.Office@jpmchase.com, no pwned 
api@wepay.com, no pwned 
jpmc.cpo@jpmchase.com, no pwned 
EMEA.Privacy.Office@jpmchase.com, no pwned 
security@wepay.com, no pwned 
support@wepay.com, no pwned 
group-6-copy@3x.png, no pwned 
group-7-copy@3x.png, no pwned 
group-9-copy@3x.png, no pwned 
group-11-copy@3x.png, no pwned 
group-5-copy@3x.png, no pwned 
group-8-copy@3x.png, no pwned 
group-10-copy@3x.png, no pwned 
group-12-copy@3x.png, no pwned 
api@wepay.com, no pwned 
