updated_date : [datetime.datetime(2019, 10, 17, 10, 50, 19), datetime.datetime(2019, 10, 17, 10, 50, 51)]
status : clientTransferProhibited https://icann.org/epp#clientTransferProhibited
name : PERFECT PRIVACY, LLC
dnssec : unsigned
city : Jacksonville
expiration_date : 2020
12
22 13:23:21
zipcode : 32256
domain_name : CYBEROAM.COM
country : US
whois_server : whois.networksolutions.com
state : FL
registrar : Network Solutions, LLC
referral_url : None
address : 5335 Gate Parkway care of Network Solutions PO Box 459
name_servers : [u'NS
1129.AWSDNS
13.ORG', u'NS
1827.AWSDNS
36.CO.UK', u'NS
36.AWSDNS
04.COM', u'NS
707.AWSDNS
24.NET']
org : None
creation_date : 1999
12
22 13:23:22
emails : [u'abuse@web.com', u'dd62w32y2gk@networksolutionsprivateregistration.com']
