nexus-marketing-site@1x.png, no pwned 
iphone6-marketing-site@1x.png, no pwned 
nexus-marketing-site@1x.png, no pwned 
iphone6-marketing-site@1x.png, no pwned 
nexus-marketing-site@1x.png, no pwned 
iphone6-marketing-site@1x.png, no pwned 
logo@2x-11a8ebcb6d56924e3303b945e27a5445.png, no pwned 
logo@2x-11a8ebcb6d56924e3303b945e27a5445.png, no pwned 
nexus-marketing-site@1x.png, no pwned 
iphone6-marketing-site@1x.png, no pwned 
logo@2x-11a8ebcb6d56924e3303b945e27a5445.png, no pwned 
logo@2x-11a8ebcb6d56924e3303b945e27a5445.png, no pwned 
nexus-marketing-site@1x.png, no pwned 
iphone6-marketing-site@1x.png, no pwned 
logo@2x-11a8ebcb6d56924e3303b945e27a5445.png, no pwned 
logo@2x-11a8ebcb6d56924e3303b945e27a5445.png, no pwned 
nexus-marketing-site@1x.png, no pwned 
iphone6-marketing-site@1x.png, no pwned 
logo@2x-11a8ebcb6d56924e3303b945e27a5445.png, no pwned 
nexus-marketing-site@1x.png, no pwned 
iphone6-marketing-site@1x.png, no pwned 
logo@2x-11a8ebcb6d56924e3303b945e27a5445.png, no pwned 
nexus-marketing-site@1x.png, no pwned 
iphone6-marketing-site@1x.png, no pwned 
logo@2x-11a8ebcb6d56924e3303b945e27a5445.png, no pwned 
nexus-marketing-site@1x.png, no pwned 
iphone6-marketing-site@1x.png, no pwned 
logo@2x-11a8ebcb6d56924e3303b945e27a5445.png, no pwned 
logo@2x-11a8ebcb6d56924e3303b945e27a5445.png, no pwned 
nexus-marketing-site@1x.png, no pwned 
iphone6-marketing-site@1x.png, no pwned 
logo@2x-11a8ebcb6d56924e3303b945e27a5445.png, no pwned 
nexus-marketing-site@1x.png, no pwned 
iphone6-marketing-site@1x.png, no pwned 
logo@2x-11a8ebcb6d56924e3303b945e27a5445.png, no pwned 
logo@2x-11a8ebcb6d56924e3303b945e27a5445.png, no pwned 
nexus-marketing-site@1x.png, no pwned 
iphone6-marketing-site@1x.png, no pwned 
logo@2x-11a8ebcb6d56924e3303b945e27a5445.png, no pwned 
nexus-marketing-site@1x.png, no pwned 
iphone6-marketing-site@1x.png, no pwned 
logo@2x-11a8ebcb6d56924e3303b945e27a5445.png, no pwned 
nexus-marketing-site@1x.png, no pwned 
iphone6-marketing-site@1x.png, no pwned 
logo@2x-11a8ebcb6d56924e3303b945e27a5445.png, no pwned 
nexus-marketing-site@1x.png, no pwned 
iphone6-marketing-site@1x.png, no pwned 
logo@2x-11a8ebcb6d56924e3303b945e27a5445.png, no pwned 
logo@2x-11a8ebcb6d56924e3303b945e27a5445.png, no pwned 
nexus-marketing-site@1x.png, no pwned 
iphone6-marketing-site@1x.png, no pwned 
logo@2x-11a8ebcb6d56924e3303b945e27a5445.png, no pwned 
logo@2x-11a8ebcb6d56924e3303b945e27a5445.png, no pwned 
nexus-marketing-site@1x.png, no pwned 
iphone6-marketing-site@1x.png, no pwned 
logo@2x-11a8ebcb6d56924e3303b945e27a5445.png, no pwned 
logo@2x-11a8ebcb6d56924e3303b945e27a5445.png, no pwned 
nexus-marketing-site@1x.png, no pwned 
iphone6-marketing-site@1x.png, no pwned 
logo@2x-11a8ebcb6d56924e3303b945e27a5445.png, no pwned 
nexus-marketing-site@1x.png, no pwned 
iphone6-marketing-site@1x.png, no pwned 
logo@2x-11a8ebcb6d56924e3303b945e27a5445.png, no pwned 
logo@2x-11a8ebcb6d56924e3303b945e27a5445.png, no pwned 
nexus-marketing-site@1x.png, no pwned 
iphone6-marketing-site@1x.png, no pwned 
logo@2x-11a8ebcb6d56924e3303b945e27a5445.png, no pwned 
logo@2x-11a8ebcb6d56924e3303b945e27a5445.png, no pwned 
nexus-marketing-site@1x.png, no pwned 
iphone6-marketing-site@1x.png, no pwned 
logo@2x-11a8ebcb6d56924e3303b945e27a5445.png, no pwned 
nexus-marketing-site@1x.png, no pwned 
iphone6-marketing-site@1x.png, no pwned 
logo@2x-11a8ebcb6d56924e3303b945e27a5445.png, no pwned 
nexus-marketing-site@1x.png, no pwned 
iphone6-marketing-site@1x.png, no pwned 
logo@2x-11a8ebcb6d56924e3303b945e27a5445.png, no pwned 
nexus-marketing-site@1x.png, no pwned 
iphone6-marketing-site@1x.png, no pwned 
logo@2x-11a8ebcb6d56924e3303b945e27a5445.png, no pwned 
logo@2x-11a8ebcb6d56924e3303b945e27a5445.png, no pwned 
nexus-marketing-site@1x.png, no pwned 
iphone6-marketing-site@1x.png, no pwned 
logo@2x-11a8ebcb6d56924e3303b945e27a5445.png, no pwned 
nexus-marketing-site@1x.png, no pwned 
iphone6-marketing-site@1x.png, no pwned 
logo@2x-11a8ebcb6d56924e3303b945e27a5445.png, no pwned 
nexus-marketing-site@1x.png, no pwned 
iphone6-marketing-site@1x.png, no pwned 
logo@2x-11a8ebcb6d56924e3303b945e27a5445.png, no pwned 
nexus-marketing-site@1x.png, no pwned 
iphone6-marketing-site@1x.png, no pwned 
logo@2x-11a8ebcb6d56924e3303b945e27a5445.png, no pwned 
logo@2x-11a8ebcb6d56924e3303b945e27a5445.png, no pwned 
nexus-marketing-site@1x.png, no pwned 
iphone6-marketing-site@1x.png, no pwned 
logo@2x-11a8ebcb6d56924e3303b945e27a5445.png, no pwned 
logo@2x-11a8ebcb6d56924e3303b945e27a5445.png, no pwned 
nexus-marketing-site@1x.png, no pwned 
iphone6-marketing-site@1x.png, no pwned 
logo@2x-11a8ebcb6d56924e3303b945e27a5445.png, no pwned 
nexus-marketing-site@1x.png, no pwned 
iphone6-marketing-site@1x.png, no pwned 
logo@2x-11a8ebcb6d56924e3303b945e27a5445.png, no pwned 
nexus-marketing-site@1x.png, no pwned 
iphone6-marketing-site@1x.png, no pwned 
logo@2x-11a8ebcb6d56924e3303b945e27a5445.png, no pwned 
nexus-marketing-site@1x.png, no pwned 
iphone6-marketing-site@1x.png, no pwned 
logo@2x-11a8ebcb6d56924e3303b945e27a5445.png, no pwned 
logo@2x-11a8ebcb6d56924e3303b945e27a5445.png, no pwned 
nexus-marketing-site@1x.png, no pwned 
iphone6-marketing-site@1x.png, no pwned 
logo@2x-11a8ebcb6d56924e3303b945e27a5445.png, no pwned 
nexus-marketing-site@1x.png, no pwned 
iphone6-marketing-site@1x.png, no pwned 
logo@2x-11a8ebcb6d56924e3303b945e27a5445.png, no pwned 
logo@2x-11a8ebcb6d56924e3303b945e27a5445.png, no pwned 
nexus-marketing-site@1x.png, no pwned 
iphone6-marketing-site@1x.png, no pwned 
logo@2x-11a8ebcb6d56924e3303b945e27a5445.png, no pwned 
nexus-marketing-site@1x.png, no pwned 
iphone6-marketing-site@1x.png, no pwned 
logo@2x-11a8ebcb6d56924e3303b945e27a5445.png, no pwned 
logo@2x-11a8ebcb6d56924e3303b945e27a5445.png, no pwned 
logo@2x-11a8ebcb6d56924e3303b945e27a5445.png, no pwned 
nexus-marketing-site@1x.png, no pwned 
iphone6-marketing-site@1x.png, no pwned 
logo@2x-11a8ebcb6d56924e3303b945e27a5445.png, no pwned 
nexus-marketing-site@1x.png, no pwned 
iphone6-marketing-site@1x.png, no pwned 
logo@2x-11a8ebcb6d56924e3303b945e27a5445.png, no pwned 
logo@2x-11a8ebcb6d56924e3303b945e27a5445.png, no pwned 
nexus-marketing-site@1x.png, no pwned 
iphone6-marketing-site@1x.png, no pwned 
logo@2x-11a8ebcb6d56924e3303b945e27a5445.png, no pwned 
nexus-marketing-site@1x.png, no pwned 
iphone6-marketing-site@1x.png, no pwned 
logo@2x-11a8ebcb6d56924e3303b945e27a5445.png, no pwned 
nexus-marketing-site@1x.png, no pwned 
iphone6-marketing-site@1x.png, no pwned 
logo@2x-11a8ebcb6d56924e3303b945e27a5445.png, no pwned 
logo@2x-11a8ebcb6d56924e3303b945e27a5445.png, no pwned 
nexus-marketing-site@1x.png, no pwned 
iphone6-marketing-site@1x.png, no pwned 
logo@2x-11a8ebcb6d56924e3303b945e27a5445.png, no pwned 
nexus-marketing-site@1x.png, no pwned 
iphone6-marketing-site@1x.png, no pwned 
logo@2x-11a8ebcb6d56924e3303b945e27a5445.png, no pwned 
logo@2x-11a8ebcb6d56924e3303b945e27a5445.png, no pwned 
nexus-marketing-site@1x.png, no pwned 
iphone6-marketing-site@1x.png, no pwned 
logo@2x-11a8ebcb6d56924e3303b945e27a5445.png, no pwned 
nexus-marketing-site@1x.png, no pwned 
iphone6-marketing-site@1x.png, no pwned 
logo@2x-11a8ebcb6d56924e3303b945e27a5445.png, no pwned 
logo@2x-11a8ebcb6d56924e3303b945e27a5445.png, no pwned 
nexus-marketing-site@1x.png, no pwned 
iphone6-marketing-site@1x.png, no pwned 
logo@2x-11a8ebcb6d56924e3303b945e27a5445.png, no pwned 
nexus-marketing-site@1x.png, no pwned 
iphone6-marketing-site@1x.png, no pwned 
logo@2x-11a8ebcb6d56924e3303b945e27a5445.png, no pwned 
nexus-marketing-site@1x.png, no pwned 
iphone6-marketing-site@1x.png, no pwned 
logo@2x-11a8ebcb6d56924e3303b945e27a5445.png, no pwned 
logo@2x-11a8ebcb6d56924e3303b945e27a5445.png, no pwned 
nexus-marketing-site@1x.png, no pwned 
iphone6-marketing-site@1x.png, no pwned 
logo@2x-11a8ebcb6d56924e3303b945e27a5445.png, no pwned 
nexus-marketing-site@1x.png, no pwned 
iphone6-marketing-site@1x.png, no pwned 
logo@2x-11a8ebcb6d56924e3303b945e27a5445.png, no pwned 
nexus-marketing-site@1x.png, no pwned 
iphone6-marketing-site@1x.png, no pwned 
logo@2x-11a8ebcb6d56924e3303b945e27a5445.png, no pwned 
logo@2x-11a8ebcb6d56924e3303b945e27a5445.png, no pwned 
nexus-marketing-site@1x.png, no pwned 
iphone6-marketing-site@1x.png, no pwned 
logo@2x-11a8ebcb6d56924e3303b945e27a5445.png, no pwned 
nexus-marketing-site@1x.png, no pwned 
iphone6-marketing-site@1x.png, no pwned 
logo@2x-11a8ebcb6d56924e3303b945e27a5445.png, no pwned 
logo@2x-11a8ebcb6d56924e3303b945e27a5445.png, no pwned 
nexus-marketing-site@1x.png, no pwned 
iphone6-marketing-site@1x.png, no pwned 
logo@2x-11a8ebcb6d56924e3303b945e27a5445.png, no pwned 
nexus-marketing-site@1x.png, no pwned 
iphone6-marketing-site@1x.png, no pwned 
logo@2x-11a8ebcb6d56924e3303b945e27a5445.png, no pwned 
nexus-marketing-site@1x.png, no pwned 
iphone6-marketing-site@1x.png, no pwned 
logo@2x-11a8ebcb6d56924e3303b945e27a5445.png, no pwned 
nexus-marketing-site@1x.png, no pwned 
iphone6-marketing-site@1x.png, no pwned 
logo@2x-11a8ebcb6d56924e3303b945e27a5445.png, no pwned 
nexus-marketing-site@1x.png, no pwned 
iphone6-marketing-site@1x.png, no pwned 
logo@2x-11a8ebcb6d56924e3303b945e27a5445.png, no pwned 
logo@2x-11a8ebcb6d56924e3303b945e27a5445.png, no pwned 
logo@2x-11a8ebcb6d56924e3303b945e27a5445.png, no pwned 
nexus-marketing-site@1x.png, no pwned 
iphone6-marketing-site@1x.png, no pwned 
logo@2x-11a8ebcb6d56924e3303b945e27a5445.png, no pwned 
nexus-marketing-site@1x.png, no pwned 
iphone6-marketing-site@1x.png, no pwned 
logo@2x-11a8ebcb6d56924e3303b945e27a5445.png, no pwned 
logo@2x-11a8ebcb6d56924e3303b945e27a5445.png, no pwned 
nexus-marketing-site@1x.png, no pwned 
iphone6-marketing-site@1x.png, no pwned 
logo@2x-11a8ebcb6d56924e3303b945e27a5445.png, no pwned 
nexus-marketing-site@1x.png, no pwned 
iphone6-marketing-site@1x.png, no pwned 
nexus-marketing-site@1x.png, no pwned 
iphone6-marketing-site@1x.png, no pwned 
logo@2x-11a8ebcb6d56924e3303b945e27a5445.png, no pwned 
nexus-marketing-site@1x.png, no pwned 
iphone6-marketing-site@1x.png, no pwned 
logo@2x-11a8ebcb6d56924e3303b945e27a5445.png, no pwned 
nexus-marketing-site@1x.png, no pwned 
iphone6-marketing-site@1x.png, no pwned 
logo@2x-11a8ebcb6d56924e3303b945e27a5445.png, no pwned 
nexus-marketing-site@1x.png, no pwned 
iphone6-marketing-site@1x.png, no pwned 
nexus-marketing-site@1x.png, no pwned 
iphone6-marketing-site@1x.png, no pwned 
logo@2x-11a8ebcb6d56924e3303b945e27a5445.png, no pwned 
logo@2x-11a8ebcb6d56924e3303b945e27a5445.png, no pwned 
nexus-marketing-site@1x.png, no pwned 
iphone6-marketing-site@1x.png, no pwned 
logo@2x-11a8ebcb6d56924e3303b945e27a5445.png, no pwned 
nexus-marketing-site@1x.png, no pwned 
iphone6-marketing-site@1x.png, no pwned 
logo@2x-11a8ebcb6d56924e3303b945e27a5445.png, no pwned 
nexus-marketing-site@1x.png, no pwned 
iphone6-marketing-site@1x.png, no pwned 
logo@2x-11a8ebcb6d56924e3303b945e27a5445.png, no pwned 
nexus-marketing-site@1x.png, no pwned 
iphone6-marketing-site@1x.png, no pwned 
logo@2x-11a8ebcb6d56924e3303b945e27a5445.png, no pwned 
logo@2x-11a8ebcb6d56924e3303b945e27a5445.png, no pwned 
nexus-marketing-site@1x.png, no pwned 
iphone6-marketing-site@1x.png, no pwned 
logo@2x-11a8ebcb6d56924e3303b945e27a5445.png, no pwned 
nexus-marketing-site@1x.png, no pwned 
iphone6-marketing-site@1x.png, no pwned 
logo@2x-11a8ebcb6d56924e3303b945e27a5445.png, no pwned 
nexus-marketing-site@1x.png, no pwned 
iphone6-marketing-site@1x.png, no pwned 
logo@2x-11a8ebcb6d56924e3303b945e27a5445.png, no pwned 
logo@2x-11a8ebcb6d56924e3303b945e27a5445.png, no pwned 
logo@2x-11a8ebcb6d56924e3303b945e27a5445.png, no pwned 
nexus-marketing-site@1x.png, no pwned 
iphone6-marketing-site@1x.png, no pwned 
logo@2x-11a8ebcb6d56924e3303b945e27a5445.png, no pwned 
nexus-marketing-site@1x.png, no pwned 
iphone6-marketing-site@1x.png, no pwned 
logo@2x-11a8ebcb6d56924e3303b945e27a5445.png, no pwned 
logo@2x-11a8ebcb6d56924e3303b945e27a5445.png, no pwned 
logo@2x-11a8ebcb6d56924e3303b945e27a5445.png, no pwned 
nexus-marketing-site@1x.png, no pwned 
iphone6-marketing-site@1x.png, no pwned 
logo@2x-11a8ebcb6d56924e3303b945e27a5445.png, no pwned 
nexus-marketing-site@1x.png, no pwned 
iphone6-marketing-site@1x.png, no pwned 
logo@2x-11a8ebcb6d56924e3303b945e27a5445.png, no pwned 
nexus-marketing-site@1x.png, no pwned 
iphone6-marketing-site@1x.png, no pwned 
logo@2x-11a8ebcb6d56924e3303b945e27a5445.png, no pwned 
logo@2x-11a8ebcb6d56924e3303b945e27a5445.png, no pwned 
nexus-marketing-site@1x.png, no pwned 
iphone6-marketing-site@1x.png, no pwned 
logo@2x-11a8ebcb6d56924e3303b945e27a5445.png, no pwned 
nexus-marketing-site@1x.png, no pwned 
iphone6-marketing-site@1x.png, no pwned 
logo@2x-11a8ebcb6d56924e3303b945e27a5445.png, no pwned 
logo@2x-11a8ebcb6d56924e3303b945e27a5445.png, no pwned 
logo@2x-11a8ebcb6d56924e3303b945e27a5445.png, no pwned 
nexus-marketing-site@1x.png, no pwned 
iphone6-marketing-site@1x.png, no pwned 
logo@2x-11a8ebcb6d56924e3303b945e27a5445.png, no pwned 
nexus-marketing-site@1x.png, no pwned 
iphone6-marketing-site@1x.png, no pwned 
logo@2x-11a8ebcb6d56924e3303b945e27a5445.png, no pwned 
nexus-marketing-site@1x.png, no pwned 
iphone6-marketing-site@1x.png, no pwned 
logo@2x-11a8ebcb6d56924e3303b945e27a5445.png, no pwned 
logo@2x-11a8ebcb6d56924e3303b945e27a5445.png, no pwned 
nexus-marketing-site@1x.png, no pwned 
iphone6-marketing-site@1x.png, no pwned 
logo@2x-11a8ebcb6d56924e3303b945e27a5445.png, no pwned 
nexus-marketing-site@1x.png, no pwned 
iphone6-marketing-site@1x.png, no pwned 
logo@2x-11a8ebcb6d56924e3303b945e27a5445.png, no pwned 
logo@2x-11a8ebcb6d56924e3303b945e27a5445.png, no pwned 
logo@2x-11a8ebcb6d56924e3303b945e27a5445.png, no pwned 
nexus-marketing-site@1x.png, no pwned 
iphone6-marketing-site@1x.png, no pwned 
logo@2x-11a8ebcb6d56924e3303b945e27a5445.png, no pwned 
nexus-marketing-site@1x.png, no pwned 
iphone6-marketing-site@1x.png, no pwned 
logo@2x-11a8ebcb6d56924e3303b945e27a5445.png, no pwned 
logo@2x-11a8ebcb6d56924e3303b945e27a5445.png, no pwned 
nexus-marketing-site@1x.png, no pwned 
iphone6-marketing-site@1x.png, no pwned 
logo@2x-11a8ebcb6d56924e3303b945e27a5445.png, no pwned 
nexus-marketing-site@1x.png, no pwned 
iphone6-marketing-site@1x.png, no pwned 
logo@2x-11a8ebcb6d56924e3303b945e27a5445.png, no pwned 
logo@2x-11a8ebcb6d56924e3303b945e27a5445.png, no pwned 
nexus-marketing-site@1x.png, no pwned 
iphone6-marketing-site@1x.png, no pwned 
logo@2x-11a8ebcb6d56924e3303b945e27a5445.png, no pwned 
nexus-marketing-site@1x.png, no pwned 
iphone6-marketing-site@1x.png, no pwned 
logo@2x-11a8ebcb6d56924e3303b945e27a5445.png, no pwned 
nexus-marketing-site@1x.png, no pwned 
iphone6-marketing-site@1x.png, no pwned 
logo@2x-11a8ebcb6d56924e3303b945e27a5445.png, no pwned 
logo@2x-11a8ebcb6d56924e3303b945e27a5445.png, no pwned 
logo@2x-11a8ebcb6d56924e3303b945e27a5445.png, no pwned 
nexus-marketing-site@1x.png, no pwned 
iphone6-marketing-site@1x.png, no pwned 
logo@2x-11a8ebcb6d56924e3303b945e27a5445.png, no pwned 
nexus-marketing-site@1x.png, no pwned 
iphone6-marketing-site@1x.png, no pwned 
logo@2x-11a8ebcb6d56924e3303b945e27a5445.png, no pwned 
nexus-marketing-site@1x.png, no pwned 
iphone6-marketing-site@1x.png, no pwned 
logo@2x-11a8ebcb6d56924e3303b945e27a5445.png, no pwned 
nexus-marketing-site@1x.png, no pwned 
iphone6-marketing-site@1x.png, no pwned 
logo@2x-11a8ebcb6d56924e3303b945e27a5445.png, no pwned 
nexus-marketing-site@1x.png, no pwned 
iphone6-marketing-site@1x.png, no pwned 
logo@2x-11a8ebcb6d56924e3303b945e27a5445.png, no pwned 
nexus-marketing-site@1x.png, no pwned 
iphone6-marketing-site@1x.png, no pwned 
logo@2x-11a8ebcb6d56924e3303b945e27a5445.png, no pwned 
nexus-marketing-site@1x.png, no pwned 
iphone6-marketing-site@1x.png, no pwned 
logo@2x-11a8ebcb6d56924e3303b945e27a5445.png, no pwned 
nexus-marketing-site@1x.png, no pwned 
iphone6-marketing-site@1x.png, no pwned 
logo@2x-11a8ebcb6d56924e3303b945e27a5445.png, no pwned 
logo@2x-11a8ebcb6d56924e3303b945e27a5445.png, no pwned 
nexus-marketing-site@1x.png, no pwned 
iphone6-marketing-site@1x.png, no pwned 
logo@2x-11a8ebcb6d56924e3303b945e27a5445.png, no pwned 
logo@2x-11a8ebcb6d56924e3303b945e27a5445.png, no pwned 
nexus-marketing-site@1x.png, no pwned 
iphone6-marketing-site@1x.png, no pwned 
logo@2x-11a8ebcb6d56924e3303b945e27a5445.png, no pwned 
nexus-marketing-site@1x.png, no pwned 
iphone6-marketing-site@1x.png, no pwned 
logo@2x-11a8ebcb6d56924e3303b945e27a5445.png, no pwned 
logo@2x-11a8ebcb6d56924e3303b945e27a5445.png, no pwned 
nexus-marketing-site@1x.png, no pwned 
iphone6-marketing-site@1x.png, no pwned 
logo@2x-11a8ebcb6d56924e3303b945e27a5445.png, no pwned 
nexus-marketing-site@1x.png, no pwned 
iphone6-marketing-site@1x.png, no pwned 
logo@2x-11a8ebcb6d56924e3303b945e27a5445.png, no pwned 
nexus-marketing-site@1x.png, no pwned 
iphone6-marketing-site@1x.png, no pwned 
logo@2x-11a8ebcb6d56924e3303b945e27a5445.png, no pwned 
nexus-marketing-site@1x.png, no pwned 
iphone6-marketing-site@1x.png, no pwned 
logo@2x-11a8ebcb6d56924e3303b945e27a5445.png, no pwned 
logo@2x-11a8ebcb6d56924e3303b945e27a5445.png, no pwned 
logo@2x-11a8ebcb6d56924e3303b945e27a5445.png, no pwned 
nexus-marketing-site@1x.png, no pwned 
iphone6-marketing-site@1x.png, no pwned 
logo@2x-11a8ebcb6d56924e3303b945e27a5445.png, no pwned 
logo@2x-11a8ebcb6d56924e3303b945e27a5445.png, no pwned 
nexus-marketing-site@1x.png, no pwned 
iphone6-marketing-site@1x.png, no pwned 
logo@2x-11a8ebcb6d56924e3303b945e27a5445.png, no pwned 
nexus-marketing-site@1x.png, no pwned 
iphone6-marketing-site@1x.png, no pwned 
logo@2x-11a8ebcb6d56924e3303b945e27a5445.png, no pwned 
logo@2x-11a8ebcb6d56924e3303b945e27a5445.png, no pwned 
nexus-marketing-site@1x.png, no pwned 
iphone6-marketing-site@1x.png, no pwned 
logo@2x-11a8ebcb6d56924e3303b945e27a5445.png, no pwned 
logo@2x-11a8ebcb6d56924e3303b945e27a5445.png, no pwned 
nexus-marketing-site@1x.png, no pwned 
iphone6-marketing-site@1x.png, no pwned 
logo@2x-11a8ebcb6d56924e3303b945e27a5445.png, no pwned 
nexus-marketing-site@1x.png, no pwned 
iphone6-marketing-site@1x.png, no pwned 
logo@2x-11a8ebcb6d56924e3303b945e27a5445.png, no pwned 
logo@2x-11a8ebcb6d56924e3303b945e27a5445.png, no pwned 
nexus-marketing-site@1x.png, no pwned 
iphone6-marketing-site@1x.png, no pwned 
logo@2x-11a8ebcb6d56924e3303b945e27a5445.png, no pwned 
logo@2x-11a8ebcb6d56924e3303b945e27a5445.png, no pwned 
nexus-marketing-site@1x.png, no pwned 
iphone6-marketing-site@1x.png, no pwned 
logo@2x-11a8ebcb6d56924e3303b945e27a5445.png, no pwned 
nexus-marketing-site@1x.png, no pwned 
iphone6-marketing-site@1x.png, no pwned 
logo@2x-11a8ebcb6d56924e3303b945e27a5445.png, no pwned 
nexus-marketing-site@1x.png, no pwned 
iphone6-marketing-site@1x.png, no pwned 
logo@2x-11a8ebcb6d56924e3303b945e27a5445.png, no pwned 
nexus-marketing-site@1x.png, no pwned 
iphone6-marketing-site@1x.png, no pwned 
logo@2x-11a8ebcb6d56924e3303b945e27a5445.png, no pwned 
nexus-marketing-site@1x.png, no pwned 
iphone6-marketing-site@1x.png, no pwned 
logo@2x-11a8ebcb6d56924e3303b945e27a5445.png, no pwned 
logo@2x-11a8ebcb6d56924e3303b945e27a5445.png, no pwned 
nexus-marketing-site@1x.png, no pwned 
iphone6-marketing-site@1x.png, no pwned 
logo@2x-11a8ebcb6d56924e3303b945e27a5445.png, no pwned 
nexus-marketing-site@1x.png, no pwned 
iphone6-marketing-site@1x.png, no pwned 
logo@2x-11a8ebcb6d56924e3303b945e27a5445.png, no pwned 
logo@2x-11a8ebcb6d56924e3303b945e27a5445.png, no pwned 
nexus-marketing-site@1x.png, no pwned 
iphone6-marketing-site@1x.png, no pwned 
logo@2x-11a8ebcb6d56924e3303b945e27a5445.png, no pwned 
nexus-marketing-site@1x.png, no pwned 
iphone6-marketing-site@1x.png, no pwned 
logo@2x-11a8ebcb6d56924e3303b945e27a5445.png, no pwned 
logo@2x-11a8ebcb6d56924e3303b945e27a5445.png, no pwned 
nexus-marketing-site@1x.png, no pwned 
iphone6-marketing-site@1x.png, no pwned 
logo@2x-11a8ebcb6d56924e3303b945e27a5445.png, no pwned 
nexus-marketing-site@1x.png, no pwned 
iphone6-marketing-site@1x.png, no pwned 
logo@2x-11a8ebcb6d56924e3303b945e27a5445.png, no pwned 
nexus-marketing-site@1x.png, no pwned 
iphone6-marketing-site@1x.png, no pwned 
logo@2x-11a8ebcb6d56924e3303b945e27a5445.png, no pwned 
nexus-marketing-site@1x.png, no pwned 
iphone6-marketing-site@1x.png, no pwned 
logo@2x-11a8ebcb6d56924e3303b945e27a5445.png, no pwned 
logo@2x-11a8ebcb6d56924e3303b945e27a5445.png, no pwned 
nexus-marketing-site@1x.png, no pwned 
iphone6-marketing-site@1x.png, no pwned 
logo@2x-11a8ebcb6d56924e3303b945e27a5445.png, no pwned 
logo@2x-11a8ebcb6d56924e3303b945e27a5445.png, no pwned 
nexus-marketing-site@1x.png, no pwned 
iphone6-marketing-site@1x.png, no pwned 
logo@2x-11a8ebcb6d56924e3303b945e27a5445.png, no pwned 
nexus-marketing-site@1x.png, no pwned 
iphone6-marketing-site@1x.png, no pwned 
logo@2x-11a8ebcb6d56924e3303b945e27a5445.png, no pwned 
logo@2x-11a8ebcb6d56924e3303b945e27a5445.png, no pwned 
nexus-marketing-site@1x.png, no pwned 
iphone6-marketing-site@1x.png, no pwned 
logo@2x-11a8ebcb6d56924e3303b945e27a5445.png, no pwned 
nexus-marketing-site@1x.png, no pwned 
iphone6-marketing-site@1x.png, no pwned 
logo@2x-11a8ebcb6d56924e3303b945e27a5445.png, no pwned 
logo@2x-11a8ebcb6d56924e3303b945e27a5445.png, no pwned 
nexus-marketing-site@1x.png, no pwned 
iphone6-marketing-site@1x.png, no pwned 
logo@2x-11a8ebcb6d56924e3303b945e27a5445.png, no pwned 
nexus-marketing-site@1x.png, no pwned 
iphone6-marketing-site@1x.png, no pwned 
logo@2x-11a8ebcb6d56924e3303b945e27a5445.png, no pwned 
nexus-marketing-site@1x.png, no pwned 
iphone6-marketing-site@1x.png, no pwned 
logo@2x-11a8ebcb6d56924e3303b945e27a5445.png, no pwned 
nexus-marketing-site@1x.png, no pwned 
iphone6-marketing-site@1x.png, no pwned 
logo@2x-11a8ebcb6d56924e3303b945e27a5445.png, no pwned 
logo@2x-11a8ebcb6d56924e3303b945e27a5445.png, no pwned 
press@venmo.com, no pwned 
nexus-marketing-site@1x.png, no pwned 
iphone6-marketing-site@1x.png, no pwned 
logo@2x-11a8ebcb6d56924e3303b945e27a5445.png, no pwned 
icon-webhook@3x.png, no pwned 
icon-endpoints@3x.png, no pwned 
icon-authentication@3x.png, no pwned 
icon-errors@3x.png, no pwned 
icon-sdk@3x.png, no pwned 
icon-paymentlinks@3x.png, no pwned 
developer@venmo.com, no pwned 
nexus-marketing-site@1x.png, no pwned 
iphone6-marketing-site@1x.png, no pwned 
logo@2x-11a8ebcb6d56924e3303b945e27a5445.png, no pwned 
logo@2x-11a8ebcb6d56924e3303b945e27a5445.png, no pwned 
press@venmo.com, no pwned 
nexus-marketing-site@1x.png, no pwned 
iphone6-marketing-site@1x.png, no pwned 
logo@2x-11a8ebcb6d56924e3303b945e27a5445.png, no pwned 
icon-webhook@3x.png, no pwned 
icon-endpoints@3x.png, no pwned 
icon-authentication@3x.png, no pwned 
icon-errors@3x.png, no pwned 
icon-sdk@3x.png, no pwned 
icon-paymentlinks@3x.png, no pwned 
developer@venmo.com, no pwned 
logo@2x-11a8ebcb6d56924e3303b945e27a5445.png, no pwned 
press@venmo.com, no pwned 
logo@2x-11a8ebcb6d56924e3303b945e27a5445.png, no pwned 
press@venmo.com, no pwned 
nexus-marketing-site@1x.png, no pwned 
iphone6-marketing-site@1x.png, no pwned 
logo@2x-11a8ebcb6d56924e3303b945e27a5445.png, no pwned 
icon-webhook@3x.png, no pwned 
icon-endpoints@3x.png, no pwned 
icon-authentication@3x.png, no pwned 
icon-errors@3x.png, no pwned 
icon-sdk@3x.png, no pwned 
icon-paymentlinks@3x.png, no pwned 
developer@venmo.com, no pwned 
nexus-marketing-site@1x.png, no pwned 
iphone6-marketing-site@1x.png, no pwned 
logo@2x-11a8ebcb6d56924e3303b945e27a5445.png, no pwned 
nexus-marketing-site@1x.png, no pwned 
iphone6-marketing-site@1x.png, no pwned 
logo@2x-11a8ebcb6d56924e3303b945e27a5445.png, no pwned 
nexus-marketing-site@1x.png, no pwned 
iphone6-marketing-site@1x.png, no pwned 
logo@2x-11a8ebcb6d56924e3303b945e27a5445.png, no pwned 
nexus-marketing-site@1x.png, no pwned 
iphone6-marketing-site@1x.png, no pwned 
logo@2x-11a8ebcb6d56924e3303b945e27a5445.png, no pwned 
logo@2x-11a8ebcb6d56924e3303b945e27a5445.png, no pwned 
press@venmo.com, no pwned 
nexus-marketing-site@1x.png, no pwned 
iphone6-marketing-site@1x.png, no pwned 
logo@2x-11a8ebcb6d56924e3303b945e27a5445.png, no pwned 
logo@2x-11a8ebcb6d56924e3303b945e27a5445.png, no pwned 
press@venmo.com, no pwned 
nexus-marketing-site@1x.png, no pwned 
iphone6-marketing-site@1x.png, no pwned 
logo@2x-11a8ebcb6d56924e3303b945e27a5445.png, no pwned 
nexus-marketing-site@1x.png, no pwned 
iphone6-marketing-site@1x.png, no pwned 
logo@2x-11a8ebcb6d56924e3303b945e27a5445.png, no pwned 
icon-webhook@3x.png, no pwned 
icon-endpoints@3x.png, no pwned 
icon-authentication@3x.png, no pwned 
icon-errors@3x.png, no pwned 
icon-sdk@3x.png, no pwned 
icon-paymentlinks@3x.png, no pwned 
developer@venmo.com, no pwned 
nexus-marketing-site@1x.png, no pwned 
iphone6-marketing-site@1x.png, no pwned 
logo@2x-11a8ebcb6d56924e3303b945e27a5445.png, no pwned 
nexus-marketing-site@1x.png, no pwned 
iphone6-marketing-site@1x.png, no pwned 
logo@2x-11a8ebcb6d56924e3303b945e27a5445.png, no pwned 
logo@2x-11a8ebcb6d56924e3303b945e27a5445.png, no pwned 
press@venmo.com, no pwned 
logo@2x-11a8ebcb6d56924e3303b945e27a5445.png, no pwned 
press@venmo.com, no pwned 
nexus-marketing-site@1x.png, no pwned 
iphone6-marketing-site@1x.png, no pwned 
logo@2x-11a8ebcb6d56924e3303b945e27a5445.png, no pwned 
logo@2x-11a8ebcb6d56924e3303b945e27a5445.png, no pwned 
press@venmo.com, no pwned 
nexus-marketing-site@1x.png, no pwned 
iphone6-marketing-site@1x.png, no pwned 
logo@2x-11a8ebcb6d56924e3303b945e27a5445.png, no pwned 
icon-webhook@3x.png, no pwned 
icon-endpoints@3x.png, no pwned 
icon-authentication@3x.png, no pwned 
icon-errors@3x.png, no pwned 
icon-sdk@3x.png, no pwned 
icon-paymentlinks@3x.png, no pwned 
developer@venmo.com, no pwned 
logo@2x-11a8ebcb6d56924e3303b945e27a5445.png, no pwned 
press@venmo.com, no pwned 
logo@2x-11a8ebcb6d56924e3303b945e27a5445.png, no pwned 
press@venmo.com, no pwned 
nexus-marketing-site@1x.png, no pwned 
iphone6-marketing-site@1x.png, no pwned 
logo@2x-11a8ebcb6d56924e3303b945e27a5445.png, no pwned 
icon-webhook@3x.png, no pwned 
icon-endpoints@3x.png, no pwned 
icon-authentication@3x.png, no pwned 
icon-errors@3x.png, no pwned 
icon-sdk@3x.png, no pwned 
icon-paymentlinks@3x.png, no pwned 
developer@venmo.com, no pwned 
logo@2x-11a8ebcb6d56924e3303b945e27a5445.png, no pwned 
press@venmo.com, no pwned 
logo@2x-11a8ebcb6d56924e3303b945e27a5445.png, no pwned 
press@venmo.com, no pwned 
nexus-marketing-site@1x.png, no pwned 
iphone6-marketing-site@1x.png, no pwned 
logo@2x-11a8ebcb6d56924e3303b945e27a5445.png, no pwned 
nexus-marketing-site@1x.png, no pwned 
iphone6-marketing-site@1x.png, no pwned 
logo@2x-11a8ebcb6d56924e3303b945e27a5445.png, no pwned 
icon-webhook@3x.png, no pwned 
icon-endpoints@3x.png, no pwned 
icon-authentication@3x.png, no pwned 
icon-errors@3x.png, no pwned 
icon-sdk@3x.png, no pwned 
icon-paymentlinks@3x.png, no pwned 
developer@venmo.com, no pwned 
nexus-marketing-site@1x.png, no pwned 
iphone6-marketing-site@1x.png, no pwned 
logo@2x-11a8ebcb6d56924e3303b945e27a5445.png, no pwned 
nexus-marketing-site@1x.png, no pwned 
iphone6-marketing-site@1x.png, no pwned 
logo@2x-11a8ebcb6d56924e3303b945e27a5445.png, no pwned 
icon-webhook@3x.png, no pwned 
icon-endpoints@3x.png, no pwned 
icon-authentication@3x.png, no pwned 
icon-errors@3x.png, no pwned 
icon-sdk@3x.png, no pwned 
icon-paymentlinks@3x.png, no pwned 
developer@venmo.com, no pwned 
nexus-marketing-site@1x.png, no pwned 
iphone6-marketing-site@1x.png, no pwned 
logo@2x-11a8ebcb6d56924e3303b945e27a5445.png, no pwned 
nexus-marketing-site@1x.png, no pwned 
iphone6-marketing-site@1x.png, no pwned 
logo@2x-11a8ebcb6d56924e3303b945e27a5445.png, no pwned 
nexus-marketing-site@1x.png, no pwned 
iphone6-marketing-site@1x.png, no pwned 
logo@2x-11a8ebcb6d56924e3303b945e27a5445.png, no pwned 
icon-webhook@3x.png, no pwned 
icon-endpoints@3x.png, no pwned 
icon-authentication@3x.png, no pwned 
icon-errors@3x.png, no pwned 
icon-sdk@3x.png, no pwned 
icon-paymentlinks@3x.png, no pwned 
developer@venmo.com, no pwned 
logo@2x-11a8ebcb6d56924e3303b945e27a5445.png, no pwned 
press@venmo.com, no pwned 
nexus-marketing-site@1x.png, no pwned 
iphone6-marketing-site@1x.png, no pwned 
logo@2x-11a8ebcb6d56924e3303b945e27a5445.png, no pwned 
icon-webhook@3x.png, no pwned 
icon-endpoints@3x.png, no pwned 
icon-authentication@3x.png, no pwned 
icon-errors@3x.png, no pwned 
icon-sdk@3x.png, no pwned 
icon-paymentlinks@3x.png, no pwned 
developer@venmo.com, no pwned 
logo@2x-11a8ebcb6d56924e3303b945e27a5445.png, no pwned 
press@venmo.com, no pwned 
logo@2x-11a8ebcb6d56924e3303b945e27a5445.png, no pwned 
press@venmo.com, no pwned 
nexus-marketing-site@1x.png, no pwned 
iphone6-marketing-site@1x.png, no pwned 
logo@2x-11a8ebcb6d56924e3303b945e27a5445.png, no pwned 
nexus-marketing-site@1x.png, no pwned 
iphone6-marketing-site@1x.png, no pwned 
logo@2x-11a8ebcb6d56924e3303b945e27a5445.png, no pwned 
nexus-marketing-site@1x.png, no pwned 
iphone6-marketing-site@1x.png, no pwned 
logo@2x-11a8ebcb6d56924e3303b945e27a5445.png, no pwned 
icon-webhook@3x.png, no pwned 
icon-endpoints@3x.png, no pwned 
icon-authentication@3x.png, no pwned 
icon-errors@3x.png, no pwned 
icon-sdk@3x.png, no pwned 
icon-paymentlinks@3x.png, no pwned 
developer@venmo.com, no pwned 
nexus-marketing-site@1x.png, no pwned 
iphone6-marketing-site@1x.png, no pwned 
logo@2x-11a8ebcb6d56924e3303b945e27a5445.png, no pwned 
icon-webhook@3x.png, no pwned 
icon-endpoints@3x.png, no pwned 
icon-authentication@3x.png, no pwned 
icon-errors@3x.png, no pwned 
icon-sdk@3x.png, no pwned 
icon-paymentlinks@3x.png, no pwned 
developer@venmo.com, no pwned 
nexus-marketing-site@1x.png, no pwned 
iphone6-marketing-site@1x.png, no pwned 
logo@2x-11a8ebcb6d56924e3303b945e27a5445.png, no pwned 
nexus-marketing-site@1x.png, no pwned 
iphone6-marketing-site@1x.png, no pwned 
logo@2x-11a8ebcb6d56924e3303b945e27a5445.png, no pwned 
nexus-marketing-site@1x.png, no pwned 
iphone6-marketing-site@1x.png, no pwned 
logo@2x-11a8ebcb6d56924e3303b945e27a5445.png, no pwned 
icon-webhook@3x.png, no pwned 
icon-endpoints@3x.png, no pwned 
icon-authentication@3x.png, no pwned 
icon-errors@3x.png, no pwned 
icon-sdk@3x.png, no pwned 
icon-paymentlinks@3x.png, no pwned 
developer@venmo.com, no pwned 
nexus-marketing-site@1x.png, no pwned 
iphone6-marketing-site@1x.png, no pwned 
logo@2x-11a8ebcb6d56924e3303b945e27a5445.png, no pwned 
nexus-marketing-site@1x.png, no pwned 
iphone6-marketing-site@1x.png, no pwned 
logo@2x-11a8ebcb6d56924e3303b945e27a5445.png, no pwned 
logo@2x-11a8ebcb6d56924e3303b945e27a5445.png, no pwned 
press@venmo.com, no pwned 
nexus-marketing-site@1x.png, no pwned 
iphone6-marketing-site@1x.png, no pwned 
logo@2x-11a8ebcb6d56924e3303b945e27a5445.png, no pwned 
icon-webhook@3x.png, no pwned 
icon-endpoints@3x.png, no pwned 
icon-authentication@3x.png, no pwned 
icon-errors@3x.png, no pwned 
icon-sdk@3x.png, no pwned 
icon-paymentlinks@3x.png, no pwned 
developer@venmo.com, no pwned 
nexus-marketing-site@1x.png, no pwned 
iphone6-marketing-site@1x.png, no pwned 
logo@2x-11a8ebcb6d56924e3303b945e27a5445.png, no pwned 
logo@2x-11a8ebcb6d56924e3303b945e27a5445.png, no pwned 
press@venmo.com, no pwned 
nexus-marketing-site@1x.png, no pwned 
iphone6-marketing-site@1x.png, no pwned 
logo@2x-11a8ebcb6d56924e3303b945e27a5445.png, no pwned 
logo@2x-11a8ebcb6d56924e3303b945e27a5445.png, no pwned 
press@venmo.com, no pwned 
nexus-marketing-site@1x.png, no pwned 
iphone6-marketing-site@1x.png, no pwned 
logo@2x-11a8ebcb6d56924e3303b945e27a5445.png, no pwned 
icon-webhook@3x.png, no pwned 
icon-endpoints@3x.png, no pwned 
icon-authentication@3x.png, no pwned 
icon-errors@3x.png, no pwned 
icon-sdk@3x.png, no pwned 
icon-paymentlinks@3x.png, no pwned 
developer@venmo.com, no pwned 
nexus-marketing-site@1x.png, no pwned 
iphone6-marketing-site@1x.png, no pwned 
logo@2x-11a8ebcb6d56924e3303b945e27a5445.png, no pwned 
logo@2x-11a8ebcb6d56924e3303b945e27a5445.png, no pwned 
press@venmo.com, no pwned 
nexus-marketing-site@1x.png, no pwned 
iphone6-marketing-site@1x.png, no pwned 
logo@2x-11a8ebcb6d56924e3303b945e27a5445.png, no pwned 
logo@2x-11a8ebcb6d56924e3303b945e27a5445.png, no pwned 
press@venmo.com, no pwned 
logo@2x-11a8ebcb6d56924e3303b945e27a5445.png, no pwned 
press@venmo.com, no pwned 
nexus-marketing-site@1x.png, no pwned 
iphone6-marketing-site@1x.png, no pwned 
logo@2x-11a8ebcb6d56924e3303b945e27a5445.png, no pwned 
logo@2x-11a8ebcb6d56924e3303b945e27a5445.png, no pwned 
press@venmo.com, no pwned 
logo@2x-11a8ebcb6d56924e3303b945e27a5445.png, no pwned 
press@venmo.com, no pwned 
logo@2x-11a8ebcb6d56924e3303b945e27a5445.png, no pwned 
press@venmo.com, no pwned 
logo@2x-11a8ebcb6d56924e3303b945e27a5445.png, no pwned 
press@venmo.com, no pwned 
logo@2x-11a8ebcb6d56924e3303b945e27a5445.png, no pwned 
press@venmo.com, no pwned 
logo@2x-11a8ebcb6d56924e3303b945e27a5445.png, no pwned 
press@venmo.com, no pwned 
logo@2x-11a8ebcb6d56924e3303b945e27a5445.png, no pwned 
press@venmo.com, no pwned 
logo@2x-11a8ebcb6d56924e3303b945e27a5445.png, no pwned 
press@venmo.com, no pwned 
logo@2x-11a8ebcb6d56924e3303b945e27a5445.png, no pwned 
press@venmo.com, no pwned 
logo@2x-11a8ebcb6d56924e3303b945e27a5445.png, no pwned 
press@venmo.com, no pwned 
logo@2x-11a8ebcb6d56924e3303b945e27a5445.png, no pwned 
press@venmo.com, no pwned 
logo@2x-11a8ebcb6d56924e3303b945e27a5445.png, no pwned 
press@venmo.com, no pwned 
logo@2x-11a8ebcb6d56924e3303b945e27a5445.png, no pwned 
press@venmo.com, no pwned 
logo@2x-11a8ebcb6d56924e3303b945e27a5445.png, no pwned 
press@venmo.com, no pwned 
logo@2x-11a8ebcb6d56924e3303b945e27a5445.png, no pwned 
press@venmo.com, no pwned 
logo@2x-11a8ebcb6d56924e3303b945e27a5445.png, no pwned 
press@venmo.com, no pwned 
logo@2x-11a8ebcb6d56924e3303b945e27a5445.png, no pwned 
press@venmo.com, no pwned 
logo@2x-11a8ebcb6d56924e3303b945e27a5445.png, no pwned 
press@venmo.com, no pwned 
logo@2x-11a8ebcb6d56924e3303b945e27a5445.png, no pwned 
press@venmo.com, no pwned 
logo@2x-11a8ebcb6d56924e3303b945e27a5445.png, no pwned 
press@venmo.com, no pwned 
logo@2x-11a8ebcb6d56924e3303b945e27a5445.png, no pwned 
press@venmo.com, no pwned 
logo@2x-11a8ebcb6d56924e3303b945e27a5445.png, no pwned 
press@venmo.com, no pwned 
logo@2x-11a8ebcb6d56924e3303b945e27a5445.png, no pwned 
press@venmo.com, no pwned 
logo@2x-11a8ebcb6d56924e3303b945e27a5445.png, no pwned 
press@venmo.com, no pwned 
logo@2x-11a8ebcb6d56924e3303b945e27a5445.png, no pwned 
press@venmo.com, no pwned 
logo@2x-11a8ebcb6d56924e3303b945e27a5445.png, no pwned 
press@venmo.com, no pwned 
logo@2x-11a8ebcb6d56924e3303b945e27a5445.png, no pwned 
press@venmo.com, no pwned 
logo@2x-11a8ebcb6d56924e3303b945e27a5445.png, no pwned 
press@venmo.com, no pwned 
logo@2x-11a8ebcb6d56924e3303b945e27a5445.png, no pwned 
press@venmo.com, no pwned 
logo@2x-11a8ebcb6d56924e3303b945e27a5445.png, no pwned 
press@venmo.com, no pwned 
logo@2x-11a8ebcb6d56924e3303b945e27a5445.png, no pwned 
press@venmo.com, no pwned 
logo@2x-11a8ebcb6d56924e3303b945e27a5445.png, no pwned 
press@venmo.com, no pwned 
logo@2x-11a8ebcb6d56924e3303b945e27a5445.png, no pwned 
press@venmo.com, no pwned 
logo@2x-11a8ebcb6d56924e3303b945e27a5445.png, no pwned 
press@venmo.com, no pwned 
logo@2x-11a8ebcb6d56924e3303b945e27a5445.png, no pwned 
press@venmo.com, no pwned 
logo@2x-11a8ebcb6d56924e3303b945e27a5445.png, no pwned 
press@venmo.com, no pwned 
logo@2x-11a8ebcb6d56924e3303b945e27a5445.png, no pwned 
press@venmo.com, no pwned 
logo@2x-11a8ebcb6d56924e3303b945e27a5445.png, no pwned 
press@venmo.com, no pwned 
logo@2x-11a8ebcb6d56924e3303b945e27a5445.png, no pwned 
press@venmo.com, no pwned 
logo@2x-11a8ebcb6d56924e3303b945e27a5445.png, no pwned 
press@venmo.com, no pwned 
logo@2x-11a8ebcb6d56924e3303b945e27a5445.png, no pwned 
press@venmo.com, no pwned 
logo@2x-11a8ebcb6d56924e3303b945e27a5445.png, no pwned 
press@venmo.com, no pwned 
logo@2x-11a8ebcb6d56924e3303b945e27a5445.png, no pwned 
press@venmo.com, no pwned 
logo@2x-11a8ebcb6d56924e3303b945e27a5445.png, no pwned 
press@venmo.com, no pwned 
logo@2x-11a8ebcb6d56924e3303b945e27a5445.png, no pwned 
press@venmo.com, no pwned 
logo@2x-11a8ebcb6d56924e3303b945e27a5445.png, no pwned 
press@venmo.com, no pwned 
logo@2x-11a8ebcb6d56924e3303b945e27a5445.png, no pwned 
press@venmo.com, no pwned 
logo@2x-11a8ebcb6d56924e3303b945e27a5445.png, no pwned 
press@venmo.com, no pwned 
logo@2x-11a8ebcb6d56924e3303b945e27a5445.png, no pwned 
press@venmo.com, no pwned 
logo@2x-11a8ebcb6d56924e3303b945e27a5445.png, no pwned 
press@venmo.com, no pwned 
logo@2x-11a8ebcb6d56924e3303b945e27a5445.png, no pwned 
press@venmo.com, no pwned 
logo@2x-11a8ebcb6d56924e3303b945e27a5445.png, no pwned 
press@venmo.com, no pwned 
logo@2x-11a8ebcb6d56924e3303b945e27a5445.png, no pwned 
press@venmo.com, no pwned 
logo@2x-11a8ebcb6d56924e3303b945e27a5445.png, no pwned 
press@venmo.com, no pwned 
logo@2x-11a8ebcb6d56924e3303b945e27a5445.png, no pwned 
press@venmo.com, no pwned 
logo@2x-11a8ebcb6d56924e3303b945e27a5445.png, no pwned 
press@venmo.com, no pwned 
logo@2x-11a8ebcb6d56924e3303b945e27a5445.png, no pwned 
press@venmo.com, no pwned 
logo@2x-11a8ebcb6d56924e3303b945e27a5445.png, no pwned 
press@venmo.com, no pwned 
logo@2x-11a8ebcb6d56924e3303b945e27a5445.png, no pwned 
press@venmo.com, no pwned 
logo@2x-11a8ebcb6d56924e3303b945e27a5445.png, no pwned 
press@venmo.com, no pwned 
logo@2x-11a8ebcb6d56924e3303b945e27a5445.png, no pwned 
press@venmo.com, no pwned 
logo@2x-11a8ebcb6d56924e3303b945e27a5445.png, no pwned 
press@venmo.com, no pwned 
logo@2x-11a8ebcb6d56924e3303b945e27a5445.png, no pwned 
press@venmo.com, no pwned 
logo@2x-11a8ebcb6d56924e3303b945e27a5445.png, no pwned 
press@venmo.com, no pwned 
logo@2x-11a8ebcb6d56924e3303b945e27a5445.png, no pwned 
press@venmo.com, no pwned 
logo@2x-11a8ebcb6d56924e3303b945e27a5445.png, no pwned 
press@venmo.com, no pwned 
logo@2x-11a8ebcb6d56924e3303b945e27a5445.png, no pwned 
press@venmo.com, no pwned 
logo@2x-11a8ebcb6d56924e3303b945e27a5445.png, no pwned 
press@venmo.com, no pwned 
logo@2x-11a8ebcb6d56924e3303b945e27a5445.png, no pwned 
press@venmo.com, no pwned 
logo@2x-11a8ebcb6d56924e3303b945e27a5445.png, no pwned 
press@venmo.com, no pwned 
logo@2x-11a8ebcb6d56924e3303b945e27a5445.png, no pwned 
press@venmo.com, no pwned 
logo@2x-11a8ebcb6d56924e3303b945e27a5445.png, no pwned 
press@venmo.com, no pwned 
logo@2x-11a8ebcb6d56924e3303b945e27a5445.png, no pwned 
press@venmo.com, no pwned 
logo@2x-11a8ebcb6d56924e3303b945e27a5445.png, no pwned 
press@venmo.com, no pwned 
logo@2x-11a8ebcb6d56924e3303b945e27a5445.png, no pwned 
press@venmo.com, no pwned 
logo@2x-11a8ebcb6d56924e3303b945e27a5445.png, no pwned 
press@venmo.com, no pwned 
logo@2x-11a8ebcb6d56924e3303b945e27a5445.png, no pwned 
press@venmo.com, no pwned 
logo@2x-11a8ebcb6d56924e3303b945e27a5445.png, no pwned 
press@venmo.com, no pwned 
logo@2x-11a8ebcb6d56924e3303b945e27a5445.png, no pwned 
press@venmo.com, no pwned 
logo@2x-11a8ebcb6d56924e3303b945e27a5445.png, no pwned 
press@venmo.com, no pwned 
logo@2x-11a8ebcb6d56924e3303b945e27a5445.png, no pwned 
press@venmo.com, no pwned 
logo@2x-11a8ebcb6d56924e3303b945e27a5445.png, no pwned 
press@venmo.com, no pwned 
logo@2x-11a8ebcb6d56924e3303b945e27a5445.png, no pwned 
press@venmo.com, no pwned 
logo@2x-11a8ebcb6d56924e3303b945e27a5445.png, no pwned 
press@venmo.com, no pwned 
logo@2x-11a8ebcb6d56924e3303b945e27a5445.png, no pwned 
press@venmo.com, no pwned 
logo@2x-11a8ebcb6d56924e3303b945e27a5445.png, no pwned 
press@venmo.com, no pwned 
logo@2x-11a8ebcb6d56924e3303b945e27a5445.png, no pwned 
press@venmo.com, no pwned 
logo@2x-11a8ebcb6d56924e3303b945e27a5445.png, no pwned 
press@venmo.com, no pwned 
logo@2x-11a8ebcb6d56924e3303b945e27a5445.png, no pwned 
press@venmo.com, no pwned 
logo@2x-11a8ebcb6d56924e3303b945e27a5445.png, no pwned 
press@venmo.com, no pwned 
logo@2x-11a8ebcb6d56924e3303b945e27a5445.png, no pwned 
press@venmo.com, no pwned 
