updated_date : [datetime.datetime(2018, 11, 24, 10, 13, 40), datetime.datetime(2019, 3, 8, 14, 24, 18)]
status : [u'clientDeleteProhibited https://icann.org/epp#clientDeleteProhibited', u'clientTransferProhibited https://icann.org/epp#clientTransferProhibited', u'clientUpdateProhibited https://icann.org/epp#clientUpdateProhibited', u'clientUpdateProhibited (https://www.icann.org/epp#clientUpdateProhibited)', u'clientTransferProhibited (https://www.icann.org/epp#clientTransferProhibited)', u'clientDeleteProhibited (https://www.icann.org/epp#clientDeleteProhibited)']
name : Domain Administrator
dnssec : unsigned
city : San Jose
expiration_date : [datetime.datetime(2019, 12, 26, 16, 44, 5), datetime.datetime(2019, 12, 26, 0, 0)]
zipcode : 95131
domain_name : [u'VENMO.COM', u'venmo.com']
country : US
whois_server : whois.markmonitor.com
state : CA
registrar : MarkMonitor, Inc.
referral_url : None
address : 2211 North First Street,
name_servers : [u'NS
1457.AWSDNS
54.ORG', u'NS
1599.AWSDNS
07.CO.UK', u'NS
304.AWSDNS
38.COM', u'NS
665.AWSDNS
19.NET', u'ns
665.awsdns
19.net', u'ns
304.awsdns
38.com', u'ns
1599.awsdns
07.co.uk', u'ns
1457.awsdns
54.org']
org : PayPal Inc.
creation_date : [datetime.datetime(2008, 12, 26, 16, 44, 5), datetime.datetime(2008, 12, 26, 8, 44, 5)]
emails : [u'abusecomplaints@markmonitor.com', u'hostmaster@paypal.com', u'whoisrequest@markmonitor.com']
