6f5671770e934b39a447418d18a28092@sentry.io, no pwned 
consumersite-consumersiteweb@4244.0, no pwned 
6f5671770e934b39a447418d18a28092@sentry.io, no pwned 
consumersite-consumersiteweb@4244.0, no pwned 
6f5671770e934b39a447418d18a28092@sentry.io, no pwned 
consumersite-consumersiteweb@4244.0, no pwned 
6f5671770e934b39a447418d18a28092@sentry.io, no pwned 
consumersite-consumersiteweb@4244.0, no pwned 
backdrop_mobile@2x.jpg, no pwned 
peter@2x.jpg, no pwned 
6f5671770e934b39a447418d18a28092@sentry.io, no pwned 
consumersite-consumersiteweb@4244.0, no pwned 
6f5671770e934b39a447418d18a28092@sentry.io, no pwned 
consumersite-consumersiteweb@4244.0, no pwned 
backdrop_mobile@2x.jpg, no pwned 
peter@2x.jpg, no pwned 
6f5671770e934b39a447418d18a28092@sentry.io, no pwned 
consumersite-consumersiteweb@4244.0, no pwned 
6f5671770e934b39a447418d18a28092@sentry.io, no pwned 
consumersite-consumersiteweb@4244.0, no pwned 
backdrop_mobile@2x.jpg, no pwned 
peter@2x.jpg, no pwned 
6f5671770e934b39a447418d18a28092@sentry.io, no pwned 
consumersite-consumersiteweb@4244.0, no pwned 
backdrop_mobile@2x.jpg, no pwned 
peter@2x.jpg, no pwned 
6f5671770e934b39a447418d18a28092@sentry.io, no pwned 
consumersite-consumersiteweb@4244.0, no pwned 
backdrop_mobile@2x.jpg, no pwned 
peter@2x.jpg, no pwned 
6f5671770e934b39a447418d18a28092@sentry.io, no pwned 
consumersite-consumersiteweb@4244.0, no pwned 
backdrop_mobile@2x.jpg, no pwned 
peter@2x.jpg, no pwned 
6f5671770e934b39a447418d18a28092@sentry.io, no pwned 
consumersite-consumersiteweb@4244.0, no pwned 
backdrop_mobile@2x.jpg, no pwned 
peter@2x.jpg, no pwned 
6f5671770e934b39a447418d18a28092@sentry.io, no pwned 
consumersite-consumersiteweb@4244.0, no pwned 
backdrop_mobile@2x.jpg, no pwned 
peter@2x.jpg, no pwned 
6f5671770e934b39a447418d18a28092@sentry.io, no pwned 
consumersite-consumersiteweb@4244.0, no pwned 
backdrop_mobile@2x.jpg, no pwned 
peter@2x.jpg, no pwned 
6f5671770e934b39a447418d18a28092@sentry.io, no pwned 
consumersite-consumersiteweb@4244.0, no pwned 
backdrop_mobile@2x.jpg, no pwned 
peter@2x.jpg, no pwned 
6f5671770e934b39a447418d18a28092@sentry.io, no pwned 
consumersite-consumersiteweb@4244.0, no pwned 
