updated_date : [datetime.datetime(2018, 4, 30, 4, 23, 36), datetime.datetime(2018, 4, 29, 21, 23, 35)]
status : [u'clientDeleteProhibited https://icann.org/epp#clientDeleteProhibited', u'clientTransferProhibited https://icann.org/epp#clientTransferProhibited', u'clientUpdateProhibited https://icann.org/epp#clientUpdateProhibited', u'clientUpdateProhibited (https://www.icann.org/epp#clientUpdateProhibited)', u'clientTransferProhibited (https://www.icann.org/epp#clientTransferProhibited)', u'clientDeleteProhibited (https://www.icann.org/epp#clientDeleteProhibited)']
name : None
dnssec : unsigned
city : None
expiration_date : [datetime.datetime(2028, 4, 30, 4, 23, 28), datetime.datetime(2028, 4, 29, 21, 23, 28)]
zipcode : None
domain_name : [u'LIVESTREAM.COM', u'livestream.com']
country : US
whois_server : whois.markmonitor.com
state : NY
registrar : MarkMonitor, Inc.
referral_url : None
address : None
name_servers : [u'DNS1.P04.NSONE.NET', u'DNS2.P04.NSONE.NET', u'DNS3.P04.NSONE.NET', u'DNS4.P04.NSONE.NET', u'NS1.P19.DYNECT.NET', u'NS2.P19.DYNECT.NET', u'NS3.P19.DYNECT.NET', u'NS4.P19.DYNECT.NET', u'dns1.p04.nsone.net', u'ns4.p19.dynect.net', u'ns1.p19.dynect.net', u'ns3.p19.dynect.net', u'dns3.p04.nsone.net', u'dns4.p04.nsone.net', u'ns2.p19.dynect.net', u'dns2.p04.nsone.net']
org : LIVESTREAM
creation_date : [datetime.datetime(1996, 9, 19, 4, 0), datetime.datetime(1996, 9, 18, 21, 0)]
emails : [u'abusecomplaints@markmonitor.com', u'whoisrequest@markmonitor.com']
