name@host.com, no pwned 
your@email.com, no pwned 
name@host.com, no pwned 
your@email.com, no pwned 
GSWebSiteFeedback@gs.com, no pwned 
name@host.com, no pwned 
your@email.com, no pwned 
GSWebSiteFeedback@gs.com, no pwned 
name@host.com, no pwned 
your@email.com, no pwned 
GSWebSiteFeedback@gs.com, no pwned 
name@host.com, no pwned 
your@email.com, no pwned 
GSWebSiteFeedback@gs.com, no pwned 
name@host.com, no pwned 
your@email.com, no pwned 
GSWebSiteFeedback@gs.com, no pwned 
name@host.com, no pwned 
your@email.com, no pwned 
GSWebSiteFeedback@gs.com, no pwned 
name@host.com, no pwned 
your@email.com, no pwned 
GSWebSiteFeedback@gs.com, no pwned 
name@host.com, no pwned 
your@email.com, no pwned 
GSWebSiteFeedback@gs.com, no pwned 
name@host.com, no pwned 
your@email.com, no pwned 
GSWebSiteFeedback@gs.com, no pwned 
abuse@gs.com, no pwned 
abuse@gs.com, no pwned 
name@host.com, no pwned 
your@email.com, no pwned 
GSWebSiteFeedback@gs.com, no pwned 
name@host.com, no pwned 
your@email.com, no pwned 
GSWebSiteFeedback@gs.com, no pwned 
