slick-carousel@1.8.1, no pwned 
slick-carousel@1.8.1, no pwned 
slick-carousel@1.8.1, no pwned 
slick-carousel@1.8.1, no pwned 
slick-carousel@1.8.1, no pwned 
slick-carousel@1.8.1, no pwned 
slick-carousel@1.8.1, no pwned 
slick-carousel@1.8.1, no pwned 
slick-carousel@1.8.1, no pwned 
slick-carousel@1.8.1, no pwned 
slick-carousel@1.8.1, no pwned 
slick-carousel@1.8.1, no pwned 
slick-carousel@1.8.1, no pwned 
slick-carousel@1.8.1, no pwned 
slick-carousel@1.8.1, no pwned 
slick-carousel@1.8.1, no pwned 
slick-carousel@1.8.1, no pwned 
slick-carousel@1.8.1, no pwned 
slick-carousel@1.8.1, no pwned 
slick-carousel@1.8.1, no pwned 
slick-carousel@1.8.1, no pwned 
slick-carousel@1.8.1, no pwned 
slick-carousel@1.8.1, no pwned 
slick-carousel@1.8.1, no pwned 
slick-carousel@1.8.1, no pwned 
slick-carousel@1.8.1, no pwned 
slick-carousel@1.8.1, no pwned 
slick-carousel@1.8.1, no pwned 
slick-carousel@1.8.1, no pwned 
admin@tomochain.com, no pwned 
slick-carousel@1.8.1, no pwned 
slick-carousel@1.8.1, no pwned 
slick-carousel@1.8.1, no pwned 
admin@tomochain.com, no pwned 
slick-carousel@1.8.1, no pwned 
slick-carousel@1.8.1, no pwned 
slick-carousel@1.8.1, no pwned 
slick-carousel@1.8.1, no pwned 
slick-carousel@1.8.1, no pwned 
admin@tomochain.com, no pwned 
slick-carousel@1.8.1, no pwned 
admin@tomochain.com, no pwned 
slick-carousel@1.8.1, no pwned 
slick-carousel@1.8.1, no pwned 
slick-carousel@1.8.1, no pwned 
slick-carousel@1.8.1, no pwned 
admin@tomochain.com, no pwned 
slick-carousel@1.8.1, no pwned 
slick-carousel@1.8.1, no pwned 
slick-carousel@1.8.1, no pwned 
slick-carousel@1.8.1, no pwned 
admin@tomochain.com, no pwned 
slick-carousel@1.8.1, no pwned 
admin@tomochain.com, no pwned 
slick-carousel@1.8.1, no pwned 
slick-carousel@1.8.1, no pwned 
slick-carousel@1.8.1, no pwned 
slick-carousel@1.8.1, no pwned 
slick-carousel@1.8.1, no pwned 
admin@tomochain.com, no pwned 
slick-carousel@1.8.1, no pwned 
slick-carousel@1.8.1, no pwned 
slick-carousel@1.8.1, no pwned 
admin@tomochain.com, no pwned 
slick-carousel@1.8.1, no pwned 
admin@tomochain.com, no pwned 
slick-carousel@1.8.1, no pwned 
slick-carousel@1.8.1, no pwned 
slick-carousel@1.8.1, no pwned 
slick-carousel@1.8.1, no pwned 
slick-carousel@1.8.1, no pwned 
slick-carousel@1.8.1, no pwned 
slick-carousel@1.8.1, no pwned 
slick-carousel@1.8.1, no pwned 
admin@tomochain.com, no pwned 
slick-carousel@1.8.1, no pwned 
slick-carousel@1.8.1, no pwned 
slick-carousel@1.8.1, no pwned 
admin@tomochain.com, no pwned 
slick-carousel@1.8.1, no pwned 
slick-carousel@1.8.1, no pwned 
admin@tomochain.com, no pwned 
slick-carousel@1.8.1, no pwned 
slick-carousel@1.8.1, no pwned 
admin@tomochain.com., no pwned 
slick-carousel@1.8.1, no pwned 
admin@tomochain.com., no pwned 
slick-carousel@1.8.1, no pwned 
admin@tomochain.com, no pwned 
slick-carousel@1.8.1, no pwned 
admin@tomochain.com., no pwned 
slick-carousel@1.8.1, no pwned 
admin@tomochain.com., no pwned 
slick-carousel@1.8.1, no pwned 
admin@tomochain.com, no pwned 
slick-carousel@1.8.1, no pwned 
admin@tomochain.com., no pwned 
slick-carousel@1.8.1, no pwned 
admin@tomochain.com, no pwned 
slick-carousel@1.8.1, no pwned 
admin@tomochain.com, no pwned 
slick-carousel@1.8.1, no pwned 
admin@tomochain.com., no pwned 
slick-carousel@1.8.1, no pwned 
admin@tomochain.com, no pwned 
slick-carousel@1.8.1, no pwned 
admin@tomochain.com., no pwned 
slick-carousel@1.8.1, no pwned 
admin@tomochain.com, no pwned 
slick-carousel@1.8.1, no pwned 
admin@tomochain.com., no pwned 
slick-carousel@1.8.1, no pwned 
admin@tomochain.com., no pwned 
slick-carousel@1.8.1, no pwned 
admin@tomochain.com., no pwned 
slick-carousel@1.8.1, no pwned 
admin@tomochain.com., no pwned 
slick-carousel@1.8.1, no pwned 
admin@tomochain.com., no pwned 
slick-carousel@1.8.1, no pwned 
admin@tomochain.com., no pwned 
slick-carousel@1.8.1, no pwned 
admin@tomochain.com., no pwned 
slick-carousel@1.8.1, no pwned 
admin@tomochain.com., no pwned 
slick-carousel@1.8.1, no pwned 
admin@tomochain.com., no pwned 
slick-carousel@1.8.1, no pwned 
admin@tomochain.com., no pwned 
slick-carousel@1.8.1, no pwned 
admin@tomochain.com, no pwned 
slick-carousel@1.8.1, no pwned 
admin@tomochain.com, no pwned 
slick-carousel@1.8.1, no pwned 
admin@tomochain.com, no pwned 
slick-carousel@1.8.1, no pwned 
admin@tomochain.com., no pwned 
slick-carousel@1.8.1, no pwned 
admin@tomochain.com., no pwned 
slick-carousel@1.8.1, no pwned 
admin@tomochain.com, no pwned 
slick-carousel@1.8.1, no pwned 
admin@tomochain.com., no pwned 
slick-carousel@1.8.1, no pwned 
admin@tomochain.com, no pwned 
slick-carousel@1.8.1, no pwned 
admin@tomochain.com, no pwned 
slick-carousel@1.8.1, no pwned 
admin@tomochain.com, no pwned 
slick-carousel@1.8.1, no pwned 
admin@tomochain.com., no pwned 
slick-carousel@1.8.1, no pwned 
admin@tomochain.com., no pwned 
slick-carousel@1.8.1, no pwned 
admin@tomochain.com, no pwned 
slick-carousel@1.8.1, no pwned 
admin@tomochain.com., no pwned 
